"sector_id","real_delivery_duration","midnight","planned_delivery_duration","rn"
3,"48",0,170,"94"
3,"48",0,178,"95"
3,"48",0,180,"96"
3,"48",0,177,"97"
3,"48",0,176,"98"
3,"48",0,175,"99"
3,"48",0,176,"100"
1,"48",0,175,"101"
3,"48",0,176,"102"
1,"49",0,177,"103"
3,"49",0,176,"104"
1,"49",0,177,"105"
3,"49",0,176,"106"
2,"49",0,175,"107"
2,"49",0,170,"108"
3,"49",0,176,"109"
3,"49",0,200,"110"
3,"50",0,176,"111"
3,"50",0,169,"112"
2,"50",0,177,"113"
3,"50",0,170,"114"
2,"50",0,177,"115"
2,"50",0,175,"116"
2,"51",0,176,"117"
3,"51",0,175,"118"
1,"51",0,178,"119"
1,"51",0,175,"120"
2,"51",0,177,"121"
1,"51",0,176,"122"
2,"51",0,175,"123"
2,"52",0,177,"124"
2,"52",0,175,"125"
3,"52",0,170,"126"
2,"52",0,177,"127"
3,"52",0,177,"128"
1,"52",0,177,"129"
2,"52",0,177,"130"
2,"52",0,170,"131"
2,"52",0,176,"132"
3,"53",0,175,"133"
3,"53",0,177,"134"
2,"53",0,177,"135"
2,"53",0,177,"136"
2,"53",0,178,"137"
3,"53",0,176,"138"
3,"53",0,179,"139"
2,"53",0,176,"140"
1,"53",0,169,"141"
2,"54",0,178,"142"
2,"54",0,176,"143"
3,"54",0,175,"144"
2,"54",0,177,"145"
3,"54",0,175,"146"
3,"54",0,177,"147"
2,"54",0,177,"148"
2,"54",0,176,"149"
3,"55",0,177,"150"
2,"55",0,177,"151"
3,"55",0,180,"152"
2,"55",0,176,"153"
3,"55",0,177,"154"
2,"55",0,177,"155"
2,"55",0,178,"156"
3,"55",0,175,"157"
2,"56",0,178,"158"
3,"56",0,177,"159"
2,"56",0,177,"160"
2,"56",0,178,"161"
1,"56",0,176,"162"
1,"56",0,176,"163"
3,"56",0,175,"164"
2,"56",0,175,"165"
2,"56",0,177,"166"
2,"56",0,169,"167"
1,"56",0,175,"168"
3,"56",0,175,"169"
3,"56",0,177,"170"
3,"57",0,175,"171"
2,"57",0,169,"172"
3,"57",0,175,"173"
1,"57",0,177,"174"
3,"57",0,176,"175"
1,"57",0,176,"176"
2,"57",0,178,"177"
2,"58",0,178,"178"
2,"58",0,177,"179"
3,"58",0,178,"180"
3,"58",0,176,"181"
3,"58",0,177,"182"
2,"58",0,176,"183"
2,"58",0,177,"184"
3,"58",0,177,"185"
3,"59",0,176,"186"
2,"59",0,176,"187"
3,"59",0,177,"188"
2,"59",0,176,"189"
3,"59",0,178,"190"
2,"59",0,177,"191"
3,"59",0,176,"192"
2,"59",0,177,"193"
1,"59",0,177,"194"
1,"59",0,177,"195"
2,"60",0,178,"196"
2,"60",0,180,"197"
1,"60",0,170,"198"
3,"60",0,175,"199"
1,"60",0,177,"200"
3,"60",0,178,"201"
1,"60",0,175,"202"
3,"61",0,177,"203"
2,"61",0,178,"204"
1,"61",0,175,"205"
2,"61",0,177,"206"
3,"61",0,176,"207"
2,"61",0,169,"208"
2,"61",0,176,"209"
1,"61",0,178,"210"
1,"61",0,178,"211"
2,"61",0,177,"212"
3,"61",0,175,"213"
1,"61",0,175,"214"
3,"61",0,177,"215"
3,"62",0,177,"216"
2,"62",0,176,"217"
3,"62",0,179,"218"
2,"62",0,175,"219"
2,"62",0,176,"220"
1,"62",0,177,"221"
3,"63",0,176,"222"
3,"63",0,177,"223"
3,"63",0,177,"224"
3,"63",0,175,"225"
3,"63",0,176,"226"
1,"63",0,177,"227"
2,"63",0,175,"228"
2,"63",0,175,"229"
2,"63",0,175,"230"
3,"63",0,176,"231"
3,"64",0,178,"232"
3,"64",0,180,"233"
2,"64",0,178,"234"
2,"64",0,178,"235"
1,"64",0,176,"236"
2,"64",0,179,"237"
1,"64",0,170,"238"
3,"64",0,178,"239"
2,"64",0,177,"240"
3,"64",0,177,"241"
3,"64",0,175,"242"
3,"64",0,175,"243"
2,"64",0,177,"244"
3,"64",0,179,"245"
1,"64",0,175,"246"
2,"64",0,178,"247"
2,"65",0,175,"248"
3,"65",0,177,"249"
2,"65",0,200,"250"
3,"65",0,177,"251"
1,"65",0,179,"252"
3,"65",0,175,"253"
3,"65",0,180,"254"
2,"65",0,175,"255"
2,"65",0,179,"256"
1,"65",0,169,"257"
3,"65",0,176,"258"
3,"65",0,176,"259"
3,"66",0,177,"260"
1,"66",0,177,"261"
1,"66",0,177,"262"
2,"66",0,176,"263"
2,"66",0,200,"264"
2,"66",0,176,"265"
3,"66",0,176,"266"
3,"66",0,177,"267"
2,"66",0,176,"268"
2,"66",0,200,"269"
3,"66",0,175,"270"
3,"66",0,176,"271"
2,"67",0,200,"272"
2,"67",0,177,"273"
3,"67",0,200,"274"
2,"67",0,176,"275"
3,"67",0,180,"276"
3,"67",0,176,"277"
3,"67",0,176,"278"
1,"68",0,178,"279"
2,"68",0,179,"280"
1,"68",0,178,"281"
1,"68",0,176,"282"
3,"68",0,176,"283"
2,"68",0,175,"284"
2,"68",0,169,"285"
3,"68",0,169,"286"
3,"68",0,178,"287"
2,"68",0,177,"288"
3,"68",0,176,"289"
1,"69",0,176,"290"
2,"69",0,176,"291"
3,"69",0,176,"292"
3,"69",0,177,"293"
3,"69",0,175,"294"
2,"69",0,175,"295"
2,"69",0,176,"296"
3,"69",0,177,"297"
1,"69",0,169,"298"
3,"69",0,175,"299"
3,"69",0,179,"300"
2,"69",0,176,"301"
3,"70",0,177,"302"
2,"70",0,177,"303"
3,"70",0,177,"304"
2,"70",0,176,"305"
2,"70",0,177,"306"
3,"70",0,177,"307"
2,"70",0,178,"308"
2,"70",0,177,"309"
3,"70",0,200,"310"
1,"71",0,178,"311"
2,"71",0,178,"312"
1,"71",0,178,"313"
1,"71",0,176,"314"
3,"71",0,178,"315"
2,"71",0,176,"316"
1,"71",0,175,"317"
3,"71",0,177,"318"
1,"71",0,200,"319"
3,"71",0,175,"320"
1,"71",0,177,"321"
3,"71",0,177,"322"
1,"71",0,177,"323"
3,"71",0,200,"324"
3,"71",0,200,"325"
3,"72",0,177,"326"
2,"72",0,175,"327"
3,"72",0,178,"328"
3,"72",0,170,"329"
2,"72",0,180,"330"
3,"72",0,178,"331"
3,"72",0,176,"332"
1,"72",0,180,"333"
2,"72",0,177,"334"
1,"72",0,177,"335"
2,"72",0,176,"336"
3,"73",0,178,"337"
3,"73",0,177,"338"
2,"73",0,179,"339"
1,"73",0,179,"340"
2,"73",0,200,"341"
1,"74",0,176,"342"
1,"74",0,180,"343"
3,"74",0,180,"344"
2,"74",0,176,"345"
3,"74",0,179,"346"
1,"74",0,176,"347"
2,"74",0,177,"348"
3,"74",0,176,"349"
3,"74",0,177,"350"
3,"74",0,175,"351"
3,"74",0,179,"352"
1,"74",0,178,"353"
2,"74",0,175,"354"
1,"75",0,200,"355"
3,"75",0,176,"356"
2,"75",0,175,"357"
2,"75",0,177,"358"
3,"75",0,176,"359"
1,"75",0,178,"360"
3,"75",0,175,"361"
3,"75",0,179,"362"
3,"75",0,177,"363"
3,"75",0,178,"364"
2,"76",0,180,"365"
2,"76",0,175,"366"
2,"76",0,176,"367"
1,"76",0,170,"368"
1,"76",0,175,"369"
2,"76",0,177,"370"
3,"76",0,176,"371"
1,"76",0,176,"372"
3,"76",0,175,"373"
2,"76",0,169,"374"
2,"76",0,176,"375"
3,"76",0,179,"376"
3,"76",0,177,"377"
3,"76",0,177,"378"
1,"76",0,175,"379"
2,"77",0,177,"380"
3,"77",0,176,"381"
1,"77",0,170,"382"
2,"77",0,178,"383"
2,"77",0,177,"384"
2,"77",0,179,"385"
1,"77",0,175,"386"
3,"77",0,177,"387"
3,"77",0,175,"388"
3,"77",0,177,"389"
2,"77",0,175,"390"
2,"77",0,169,"391"
1,"77",0,179,"392"
3,"77",0,176,"393"
2,"77",0,177,"394"
3,"78",0,177,"395"
3,"78",0,175,"396"
3,"78",0,176,"397"
3,"78",0,177,"398"
3,"78",0,176,"399"
3,"78",0,179,"400"
1,"78",0,170,"401"
2,"78",0,176,"402"
2,"78",0,176,"403"
2,"78",0,175,"404"
3,"78",0,175,"405"
3,"78",0,177,"406"
2,"78",0,200,"407"
1,"79",0,177,"408"
2,"79",0,176,"409"
2,"79",0,177,"410"
2,"79",0,176,"411"
3,"79",0,170,"412"
3,"79",0,178,"413"
2,"79",0,175,"414"
2,"80",0,177,"415"
3,"80",0,178,"416"
1,"80",0,169,"417"
1,"80",0,175,"418"
1,"80",0,177,"419"
2,"80",0,176,"420"
3,"80",0,175,"421"
2,"80",0,176,"422"
3,"80",0,178,"423"
2,"81",0,177,"424"
2,"81",0,176,"425"
2,"81",0,178,"426"
3,"81",0,176,"427"
2,"81",0,169,"428"
1,"81",0,175,"429"
1,"81",0,178,"430"
2,"81",0,176,"431"
2,"82",0,178,"432"
3,"82",0,178,"433"
1,"82",0,175,"434"
3,"82",0,180,"435"
2,"82",0,176,"436"
3,"82",0,177,"437"
2,"82",0,169,"438"
3,"82",0,176,"439"
1,"82",0,175,"440"
2,"82",0,176,"441"
3,"83",0,180,"442"
3,"83",0,177,"443"
3,"83",0,178,"444"
1,"83",0,200,"445"
2,"83",0,177,"446"
1,"83",0,175,"447"
1,"83",0,170,"448"
1,"83",0,170,"449"
3,"83",0,179,"450"
3,"84",0,175,"451"
1,"84",0,177,"452"
2,"84",0,175,"453"
1,"84",0,175,"454"
2,"84",0,175,"455"
1,"84",0,177,"456"
3,"84",0,170,"457"
2,"84",0,175,"458"
3,"85",0,178,"459"
2,"85",0,176,"460"
1,"85",0,177,"461"
3,"85",0,177,"462"
1,"85",0,179,"463"
2,"86",0,175,"464"
2,"86",0,175,"465"
1,"86",0,177,"466"
2,"86",0,176,"467"
2,"86",0,176,"468"
2,"86",0,176,"469"
1,"86",0,175,"470"
2,"87",0,177,"471"
2,"87",0,176,"472"
3,"87",0,175,"473"
1,"87",0,176,"474"
3,"87",0,179,"475"
3,"87",0,177,"476"
1,"87",0,176,"477"
3,"87",0,177,"478"
1,"87",0,178,"479"
1,"87",0,200,"480"
2,"87",0,177,"481"
3,"88",0,177,"482"
1,"88",0,176,"483"
1,"88",0,179,"484"
2,"88",0,175,"485"
1,"88",0,169,"486"
1,"89",0,178,"487"
2,"89",0,200,"488"
3,"89",0,176,"489"
2,"89",0,176,"490"
3,"89",0,177,"491"
2,"89",0,170,"492"
2,"90",0,176,"493"
2,"90",0,176,"494"
3,"90",0,179,"495"
2,"90",0,170,"496"
3,"90",0,175,"497"
2,"90",0,176,"498"
1,"91",0,177,"499"
2,"91",0,175,"500"
3,"91",0,175,"501"
1,"91",0,176,"502"
1,"91",0,177,"503"
2,"91",0,175,"504"
3,"92",0,176,"505"
2,"92",0,177,"506"
3,"92",0,177,"507"
1,"92",0,176,"508"
1,"92",0,177,"509"
3,"92",0,176,"510"
3,"92",0,176,"511"
1,"92",0,175,"512"
2,"92",0,175,"513"
1,"92",0,178,"514"
1,"92",0,177,"515"
2,"92",0,200,"516"
3,"92",0,175,"517"
3,"92",0,175,"518"
3,"92",0,175,"519"
3,"92",0,180,"520"
2,"93",0,177,"521"
1,"93",0,180,"522"
3,"93",0,177,"523"
2,"93",0,175,"524"
3,"93",0,178,"525"
3,"93",0,169,"526"
1,"94",0,178,"527"
1,"94",0,169,"528"
2,"94",0,176,"529"
3,"94",0,170,"530"
2,"94",0,170,"531"
3,"95",0,176,"532"
1,"95",0,200,"533"
1,"95",0,175,"534"
3,"95",0,177,"535"
1,"95",0,175,"536"
2,"95",0,177,"537"
2,"95",0,169,"538"
2,"96",0,176,"539"
1,"96",0,170,"540"
3,"96",0,177,"541"
1,"96",0,176,"542"
1,"96",0,177,"543"
3,"96",0,178,"544"
2,"96",0,175,"545"
3,"96",0,177,"546"
2,"97",0,200,"547"
1,"97",0,178,"548"
3,"97",0,175,"549"
3,"98",0,177,"550"
2,"98",0,177,"551"
3,"98",0,177,"552"
2,"98",0,179,"553"
2,"98",0,176,"554"
1,"98",0,178,"555"
1,"99",0,179,"556"
1,"99",0,176,"557"
3,"99",0,178,"558"
2,"99",0,176,"559"
1,"99",0,177,"560"
3,"99",0,177,"561"
2,"99",0,177,"562"
3,"99",0,175,"563"
1,"99",0,176,"564"
3,"99",0,177,"565"
2,"99",0,177,"566"
2,"100",0,179,"567"
1,"100",0,177,"568"
2,"100",0,177,"569"
1,"100",0,177,"570"
3,"100",0,177,"571"
1,"100",0,175,"572"
2,"100",0,176,"573"
2,"100",0,200,"574"
2,"100",0,180,"575"
1,"100",0,180,"576"
2,"101",0,175,"577"
2,"101",0,176,"578"
1,"101",0,176,"579"
3,"101",0,180,"580"
1,"101",0,177,"581"
2,"101",0,177,"582"
1,"101",0,176,"583"
2,"101",0,176,"584"
1,"102",0,175,"585"
2,"102",0,177,"586"
2,"102",0,175,"587"
2,"102",0,170,"588"
1,"102",0,176,"589"
2,"102",0,200,"590"
2,"102",0,176,"591"
2,"102",0,175,"592"
3,"102",0,179,"593"
2,"103",0,175,"594"
1,"103",0,176,"595"
3,"103",0,179,"596"
1,"103",0,176,"597"
2,"103",0,175,"598"
2,"103",0,175,"599"
3,"103",0,175,"600"
3,"103",0,176,"601"
1,"103",0,176,"602"
2,"103",0,177,"603"
1,"103",0,180,"604"
2,"103",0,178,"605"
3,"104",0,177,"606"
3,"104",0,176,"607"
2,"104",0,176,"608"
1,"104",0,177,"609"
1,"104",0,177,"610"
1,"104",0,177,"611"
2,"104",0,176,"612"
1,"104",0,169,"613"
1,"104",0,178,"614"
2,"104",0,170,"615"
2,"104",0,200,"616"
1,"104",0,200,"617"
3,"105",0,176,"618"
3,"105",0,176,"619"
1,"105",0,175,"620"
1,"106",0,177,"621"
2,"106",0,178,"622"
3,"106",0,175,"623"
1,"106",0,176,"624"
2,"106",0,177,"625"
1,"106",0,175,"626"
2,"106",0,177,"627"
2,"106",0,176,"628"
1,"107",0,177,"629"
2,"107",0,175,"630"
2,"107",0,175,"631"
3,"107",0,180,"632"
3,"107",0,175,"633"
3,"107",0,179,"634"
3,"107",0,176,"635"
2,"107",0,177,"636"
1,"107",0,176,"637"
3,"107",0,169,"638"
3,"107",0,175,"639"
3,"108",0,175,"640"
2,"108",0,176,"641"
3,"108",0,180,"642"
1,"108",0,176,"643"
3,"108",0,180,"644"
1,"108",0,169,"645"
1,"108",0,175,"646"
2,"108",0,180,"647"
2,"108",0,176,"648"
3,"108",0,177,"649"
1,"109",0,175,"650"
1,"109",0,170,"651"
1,"109",0,178,"652"
3,"109",0,169,"653"
1,"109",0,169,"654"
2,"109",0,176,"655"
1,"109",0,176,"656"
1,"110",0,176,"657"
1,"110",0,176,"658"
1,"110",0,175,"659"
3,"110",0,176,"660"
1,"110",0,175,"661"
3,"110",0,176,"662"
2,"111",0,176,"663"
3,"111",0,178,"664"
1,"111",0,176,"665"
2,"111",0,177,"666"
3,"111",0,180,"667"
2,"111",0,178,"668"
1,"112",0,178,"669"
3,"112",0,175,"670"
1,"112",0,175,"671"
1,"112",0,178,"672"
2,"112",0,177,"673"
3,"112",0,176,"674"
1,"112",0,170,"675"
2,"112",0,175,"676"
2,"112",0,175,"677"
2,"112",0,177,"678"
3,"112",0,176,"679"
3,"113",0,179,"680"
3,"113",0,177,"681"
2,"113",0,176,"682"
1,"113",0,177,"683"
2,"113",0,176,"684"
3,"113",0,176,"685"
1,"113",0,177,"686"
3,"113",0,176,"687"
1,"113",0,178,"688"
3,"113",0,176,"689"
1,"114",0,177,"690"
1,"114",0,177,"691"
2,"114",0,178,"692"
3,"114",0,176,"693"
2,"114",0,178,"694"
3,"114",0,177,"695"
2,"115",0,178,"696"
2,"115",0,175,"697"
1,"115",0,169,"698"
1,"115",0,176,"699"
1,"116",0,176,"700"
3,"116",0,179,"701"
2,"116",0,177,"702"
2,"116",0,175,"703"
3,"116",0,176,"704"
2,"116",0,175,"705"
3,"116",0,177,"706"
2,"116",0,177,"707"
2,"116",0,176,"708"
1,"116",0,176,"709"
2,"116",0,177,"710"
2,"116",0,200,"711"
2,"116",0,176,"712"
2,"116",0,177,"713"
1,"117",0,175,"714"
1,"117",0,175,"715"
2,"117",0,177,"716"
3,"117",0,180,"717"
2,"117",0,175,"718"
2,"117",0,180,"719"
2,"117",0,200,"720"
3,"118",0,175,"721"
1,"118",0,169,"722"
2,"118",0,176,"723"
3,"118",0,175,"724"
2,"118",0,178,"725"
1,"118",0,178,"726"
3,"118",0,175,"727"
2,"118",0,175,"728"
2,"119",0,180,"729"
3,"119",0,178,"730"
2,"119",0,178,"731"
2,"119",0,175,"732"
3,"119",0,178,"733"
1,"119",0,179,"734"
2,"119",0,177,"735"
1,"119",0,178,"736"
2,"119",0,178,"737"
3,"119",0,180,"738"
1,"120",0,179,"739"
"","120",0,"","740"
1,"120",0,176,"741"
3,"120",0,176,"742"
2,"120",0,176,"743"
2,"120",0,176,"744"
2,"120",0,176,"745"
1,"120",0,180,"746"
3,"120",0,176,"747"
1,"120",0,176,"748"
2,"120",0,175,"749"
1,"121",0,200,"750"
"","121",0,"","751"
"","121",0,"","752"
3,"121",0,178,"753"
1,"121",0,177,"754"
"","121",0,"","755"
3,"121",0,177,"756"
"","121",0,"","757"
1,"121",0,176,"758"
"","121",0,"","759"
2,"121",0,169,"760"
1,"121",0,175,"761"
3,"121",0,177,"762"
2,"122",0,177,"763"
2,"122",0,177,"764"
"","122",0,"","765"
3,"122",0,175,"766"
"","122",0,"","767"
"","122",0,"","768"
2,"122",0,176,"769"
1,"122",0,177,"770"
3,"122",0,177,"771"
3,"122",0,177,"772"
3,"122",0,176,"773"
3,"123",0,177,"774"
"","123",0,"","775"
"","123",0,"","776"
"","123",0,"","777"
2,"123",0,180,"778"
2,"123",0,179,"779"
3,"123",0,169,"780"
"","123",0,"","781"
2,"123",0,176,"782"
2,"123",0,179,"783"
"","123",0,"","784"
3,"123",0,175,"785"
2,"123",0,177,"786"
"","124",0,"","787"
1,"124",0,176,"788"
1,"124",0,176,"789"
3,"124",0,180,"790"
1,"124",0,175,"791"
"","124",0,"","792"
"","124",0,"","793"
2,"124",0,180,"794"
1,"124",0,180,"795"
3,"124",0,177,"796"
"","124",0,"","797"
3,"124",0,177,"798"
3,"124",0,200,"799"
"","124",0,"","800"
1,"125",0,176,"801"
"","125",0,"","802"
3,"125",0,169,"803"
"","125",0,"","804"
1,"125",0,177,"805"
1,"125",0,176,"806"
2,"125",0,175,"807"
"","125",0,"","808"
"","125",0,"","809"
2,"125",0,176,"810"
2,"125",0,175,"811"
3,"125",0,176,"812"
"","126",0,"","813"
3,"126",0,178,"814"
3,"126",0,177,"815"
1,"126",0,170,"816"
3,"126",0,176,"817"
1,"126",0,175,"818"
1,"126",0,177,"819"
"","126",0,"","820"
3,"127",0,176,"821"
"","127",0,"","822"
1,"127",0,177,"823"
2,"127",0,176,"824"
1,"127",0,200,"825"
"","127",0,"","826"
1,"127",0,177,"827"
3,"127",0,176,"828"
3,"127",0,176,"829"
"","128",0,"","830"
3,"128",0,175,"831"
2,"128",0,176,"832"
"","128",0,"","833"
"","128",0,"","834"
3,"128",0,175,"835"
2,"128",0,176,"836"
3,"128",0,176,"837"
1,"128",0,178,"838"
"","128",0,"","839"
3,"128",0,180,"840"
3,"128",0,178,"841"
2,"128",0,175,"842"
1,"128",0,177,"843"
3,"128",0,179,"844"
2,"129",0,176,"845"
"","129",0,"","846"
2,"129",0,176,"847"
2,"129",0,176,"848"
2,"129",0,200,"849"
2,"129",0,175,"850"
2,"129",0,179,"851"
3,"129",0,170,"852"
3,"129",0,178,"853"
2,"129",0,178,"854"
2,"129",0,180,"855"
3,"129",0,176,"856"
"","129",0,"","857"
2,"130",0,170,"858"
2,"130",0,179,"859"
2,"130",0,177,"860"
2,"130",0,178,"861"
3,"130",0,176,"862"
"","130",0,"","863"
1,"130",0,177,"864"
"","130",0,"","865"
"","130",0,"","866"
"","130",0,"","867"
"","130",0,"","868"
2,"130",0,180,"869"
"","130",0,"","870"
2,"130",0,176,"871"
"","130",0,"","872"
2,"130",0,176,"873"
1,"130",0,179,"874"
3,"130",0,176,"875"
2,"131",0,179,"876"
"","131",0,"","877"
2,"131",0,180,"878"
"","131",0,"","879"
3,"131",0,200,"880"
2,"131",0,176,"881"
1,"131",0,177,"882"
"","131",0,"","883"
"","131",0,"","884"
"","131",0,"","885"
2,"131",0,177,"886"
"","132",0,"","887"
3,"132",0,179,"888"
2,"132",0,177,"889"
"","132",0,"","890"
"","132",0,"","891"
1,"132",0,175,"892"
3,"132",0,176,"893"
3,"132",0,179,"894"
"","132",0,"","895"
3,"132",0,175,"896"
3,"133",0,180,"897"
2,"133",0,176,"898"
2,"133",0,177,"899"
2,"133",0,175,"900"
1,"133",0,176,"901"
3,"133",0,176,"902"
3,"133",0,178,"903"
3,"133",0,176,"904"
3,"133",0,178,"905"
3,"133",0,170,"906"
1,"133",0,176,"907"
3,"133",0,175,"908"
1,"133",0,177,"909"
"","133",0,"","910"
1,"133",0,178,"911"
3,"133",0,176,"912"
2,"134",0,178,"913"
3,"134",0,170,"914"
3,"134",0,170,"915"
3,"134",0,176,"916"
2,"134",0,178,"917"
"","134",0,"","918"
"","134",0,"","919"
"","134",0,"","920"
3,"134",0,175,"921"
2,"134",0,175,"922"
"","134",0,"","923"
3,"134",0,200,"924"
"","134",0,"","925"
"","134",0,"","926"
2,"134",0,175,"927"
3,"135",0,169,"928"
"","135",0,"","929"
3,"135",0,176,"930"
2,"135",0,200,"931"
"","135",0,"","932"
2,"135",0,176,"933"
"","135",0,"","934"
1,"135",0,177,"935"
"","135",0,"","936"
3,"135",0,175,"937"
1,"135",0,176,"938"
3,"136",0,177,"939"
3,"136",0,175,"940"
"","136",0,"","941"
2,"136",0,175,"942"
"","136",0,"","943"
1,"136",0,176,"944"
"","136",0,"","945"
2,"136",0,178,"946"
3,"136",0,179,"947"
1,"136",0,175,"948"
3,"136",0,180,"949"
3,"136",0,179,"950"
3,"136",0,176,"951"
1,"136",0,170,"952"
2,"137",0,179,"953"
2,"137",0,176,"954"
1,"137",0,180,"955"
"","137",0,"","956"
3,"137",0,178,"957"
2,"137",0,175,"958"
2,"137",0,176,"959"
3,"137",0,177,"960"
1,"137",0,176,"961"
"","137",0,"","962"
2,"137",0,175,"963"
1,"137",0,177,"964"
3,"137",0,175,"965"
2,"137",0,175,"966"
2,"138",0,176,"967"
3,"138",0,200,"968"
2,"138",0,170,"969"
2,"138",0,179,"970"
1,"138",0,176,"971"
2,"138",0,177,"972"
"","138",0,"","973"
"","138",0,"","974"
2,"138",0,177,"975"
"","138",0,"","976"
3,"138",0,178,"977"
3,"138",0,179,"978"
2,"138",0,177,"979"
1,"138",0,176,"980"
1,"138",0,177,"981"
3,"139",0,175,"982"
3,"139",0,175,"983"
3,"139",0,176,"984"
3,"139",0,176,"985"
3,"139",0,176,"986"
"","139",0,"","987"
1,"139",0,176,"988"
2,"139",0,178,"989"
2,"139",0,180,"990"
3,"140",0,177,"991"
1,"140",0,176,"992"
"","140",0,"","993"
2,"140",0,177,"994"
3,"140",0,177,"995"
2,"140",0,177,"996"
3,"140",0,175,"997"
"","140",0,"","998"
1,"140",0,175,"999"
1,"140",0,176,"1000"
"","140",0,"","1001"
3,"140",0,175,"1002"
"","140",0,"","1003"
"","141",0,"","1004"
"","141",0,"","1005"
3,"141",0,176,"1006"
1,"141",0,178,"1007"
3,"141",0,177,"1008"
2,"141",0,176,"1009"
"","141",0,"","1010"
2,"141",0,179,"1011"
"","141",0,"","1012"
2,"141",0,175,"1013"
"","141",0,"","1014"
"","142",0,"","1015"
"","142",0,"","1016"
2,"142",0,177,"1017"
2,"142",0,179,"1018"
"","142",0,"","1019"
"","142",0,"","1020"
"","142",0,"","1021"
2,"142",0,177,"1022"
"","142",0,"","1023"
1,"142",0,176,"1024"
"","142",0,"","1025"
1,"142",0,177,"1026"
3,"142",0,176,"1027"
2,"142",0,169,"1028"
2,"143",0,176,"1029"
3,"143",0,169,"1030"
1,"143",0,176,"1031"
"","143",0,"","1032"
2,"143",0,175,"1033"
2,"143",0,177,"1034"
3,"143",0,177,"1035"
"","143",0,"","1036"
1,"143",0,175,"1037"
1,"143",0,178,"1038"
2,"143",0,178,"1039"
1,"143",0,175,"1040"
3,"144",0,179,"1041"
2,"144",0,179,"1042"
3,"144",0,179,"1043"
"","144",0,"","1044"
2,"144",0,177,"1045"
1,"144",0,176,"1046"
2,"144",0,175,"1047"
3,"144",0,178,"1048"
"","144",0,"","1049"
1,"144",0,175,"1050"
3,"144",0,176,"1051"
"","144",0,"","1052"
1,"144",0,200,"1053"
3,"144",0,169,"1054"
1,"144",0,170,"1055"
"","144",0,"","1056"
1,"144",0,175,"1057"
2,"144",0,177,"1058"
"","144",0,"","1059"
"","144",0,"","1060"
"","144",0,"","1061"
1,"145",0,175,"1062"
"","145",0,"","1063"
3,"145",0,176,"1064"
2,"145",0,175,"1065"
"","145",0,"","1066"
3,"145",0,176,"1067"
2,"145",0,178,"1068"
3,"145",0,176,"1069"
3,"145",0,175,"1070"
2,"145",0,178,"1071"
1,"146",0,176,"1072"
2,"146",0,176,"1073"
2,"146",0,176,"1074"
"","146",0,"","1075"
3,"146",0,176,"1076"
2,"146",0,176,"1077"
3,"146",0,175,"1078"
"","146",0,"","1079"
1,"146",0,175,"1080"
2,"146",0,170,"1081"
2,"146",0,200,"1082"
"","146",0,"","1083"
3,"146",0,178,"1084"
"","146",0,"","1085"
1,"146",0,175,"1086"
2,"146",0,176,"1087"
2,"146",0,176,"1088"
2,"147",0,176,"1089"
3,"147",0,178,"1090"
3,"147",0,178,"1091"
"","147",0,"","1092"
3,"147",0,176,"1093"
"","147",0,"","1094"
3,"147",0,175,"1095"
3,"147",0,176,"1096"
3,"147",0,178,"1097"
"","147",0,"","1098"
2,"147",0,177,"1099"
2,"147",0,177,"1100"
"","147",0,"","1101"
3,"147",0,177,"1102"
3,"147",0,170,"1103"
3,"148",0,175,"1104"
2,"148",0,176,"1105"
"","148",0,"","1106"
"","148",0,"","1107"
3,"148",0,175,"1108"
2,"148",0,176,"1109"
1,"148",0,176,"1110"
"","148",0,"","1111"
3,"148",0,176,"1112"
2,"148",0,177,"1113"
"","148",0,"","1114"
3,"148",0,200,"1115"
3,"148",0,180,"1116"
3,"148",0,200,"1117"
1,"148",0,176,"1118"
2,"148",0,176,"1119"
"","149",0,"","1120"
3,"149",0,170,"1121"
1,"149",0,180,"1122"
1,"149",0,178,"1123"
3,"149",0,176,"1124"
"","149",0,"","1125"
2,"149",0,178,"1126"
2,"149",0,175,"1127"
2,"149",0,179,"1128"
3,"149",0,176,"1129"
2,"149",0,177,"1130"
1,"149",0,177,"1131"
2,"149",0,176,"1132"
3,"149",0,177,"1133"
3,"150",0,178,"1134"
"","150",0,"","1135"
"","150",0,"","1136"
3,"150",0,177,"1137"
3,"150",0,175,"1138"
"","150",0,"","1139"
2,"150",0,177,"1140"
2,"150",0,179,"1141"
"","150",0,"","1142"
"","150",0,"","1143"
2,"150",0,177,"1144"
3,"150",0,180,"1145"
2,"150",0,175,"1146"
2,"151",0,169,"1147"
2,"151",0,175,"1148"
2,"151",0,175,"1149"
3,"151",0,170,"1150"
"","151",0,"","1151"
3,"151",0,176,"1152"
3,"151",0,175,"1153"
3,"151",0,170,"1154"
2,"151",0,176,"1155"
1,"151",0,169,"1156"
"","151",0,"","1157"
2,"151",0,170,"1158"
3,"151",0,175,"1159"
"","151",0,"","1160"
3,"151",0,178,"1161"
2,"152",0,175,"1162"
3,"152",0,200,"1163"
3,"152",0,177,"1164"
"","152",0,"","1165"
"","152",0,"","1166"
"","152",0,"","1167"
"","152",0,"","1168"
2,"152",0,179,"1169"
1,"152",0,176,"1170"
"","153",0,"","1171"
2,"153",0,179,"1172"
1,"153",0,176,"1173"
2,"153",0,176,"1174"
1,"153",0,176,"1175"
"","153",0,"","1176"
1,"153",0,177,"1177"
"","153",0,"","1178"
3,"153",0,176,"1179"
"","153",0,"","1180"
1,"153",0,178,"1181"
"","153",0,"","1182"
1,"153",0,176,"1183"
1,"154",0,175,"1184"
1,"154",0,178,"1185"
3,"154",0,176,"1186"
2,"154",0,178,"1187"
2,"154",0,176,"1188"
2,"154",0,175,"1189"
1,"154",0,177,"1190"
1,"154",0,200,"1191"
"","154",0,"","1192"
"","155",0,"","1193"
1,"155",0,179,"1194"
"","155",0,"","1195"
3,"155",0,176,"1196"
2,"156",0,179,"1197"
"","156",0,"","1198"
1,"156",0,175,"1199"
1,"156",0,178,"1200"
1,"156",0,178,"1201"
1,"156",0,177,"1202"
"","156",0,"","1203"
3,"156",0,175,"1204"
3,"156",0,175,"1205"
2,"157",0,175,"1206"
2,"157",0,175,"1207"
3,"157",0,175,"1208"
"","157",0,"","1209"
3,"157",0,175,"1210"
"","158",0,"","1211"
2,"158",0,180,"1212"
3,"158",0,176,"1213"
"","158",0,"","1214"
"","158",0,"","1215"
"","158",0,"","1216"
3,"158",0,175,"1217"
"","158",0,"","1218"
3,"158",0,176,"1219"
3,"158",0,175,"1220"
2,"158",0,179,"1221"
2,"158",0,176,"1222"
2,"158",0,178,"1223"
"","159",0,"","1224"
2,"159",0,169,"1225"
"","159",0,"","1226"
2,"159",0,180,"1227"
2,"159",0,175,"1228"
3,"159",0,170,"1229"
"","159",0,"","1230"
1,"159",0,175,"1231"
1,"159",0,177,"1232"
2,"159",0,175,"1233"
"","159",0,"","1234"
"","160",0,"","1235"
"","160",0,"","1236"
"","160",0,"","1237"
3,"160",0,176,"1238"
2,"160",0,177,"1239"
1,"160",0,176,"1240"
3,"160",0,176,"1241"
3,"160",0,176,"1242"
2,"160",0,177,"1243"
3,"160",0,177,"1244"
1,"160",0,176,"1245"
"","161",0,"","1246"
3,"161",0,176,"1247"
3,"161",0,179,"1248"
1,"161",0,176,"1249"
3,"161",0,179,"1250"
"","161",0,"","1251"
3,"161",0,176,"1252"
2,"161",0,200,"1253"
"","161",0,"","1254"
"","162",0,"","1255"
2,"162",0,175,"1256"
1,"162",0,175,"1257"
"","162",0,"","1258"
2,"162",0,176,"1259"
3,"162",0,177,"1260"
"","162",0,"","1261"
"","162",0,"","1262"
3,"163",0,178,"1263"
"","163",0,"","1264"
"","163",0,"","1265"
3,"163",0,177,"1266"
1,"163",0,200,"1267"
2,"163",0,170,"1268"
1,"163",0,177,"1269"
"","164",0,"","1270"
"","164",0,"","1271"
3,"164",0,180,"1272"
3,"164",0,177,"1273"
3,"164",0,175,"1274"
"","164",0,"","1275"
3,"164",0,177,"1276"
3,"164",0,180,"1277"
2,"165",0,176,"1278"
3,"165",0,176,"1279"
2,"165",0,176,"1280"
2,"165",0,177,"1281"
3,"166",0,170,"1282"
1,"166",0,178,"1283"
1,"166",0,170,"1284"
"","166",0,"","1285"
3,"166",0,177,"1286"
2,"166",0,177,"1287"
3,"166",0,178,"1288"
3,"166",0,179,"1289"
"","166",0,"","1290"
3,"167",0,177,"1291"
"","167",0,"","1292"
2,"167",0,170,"1293"
"","167",0,"","1294"
"","167",0,"","1295"
2,"167",0,170,"1296"
1,"167",0,175,"1297"
"","168",0,"","1298"
3,"168",0,178,"1299"
3,"168",0,169,"1300"
3,"168",0,176,"1301"
1,"168",0,180,"1302"
2,"168",0,169,"1303"
2,"168",0,175,"1304"
2,"168",0,176,"1305"
3,"168",0,177,"1306"
"","169",0,"","1307"
3,"169",0,175,"1308"
3,"169",0,180,"1309"
"","169",0,"","1310"
"","169",0,"","1311"
"","169",0,"","1312"
1,"169",0,175,"1313"
3,"169",0,177,"1314"
2,"170",0,169,"1315"
2,"170",0,177,"1316"
2,"170",0,175,"1317"
"","170",0,"","1318"
2,"170",0,170,"1319"
1,"170",0,176,"1320"
3,"170",0,176,"1321"
2,"170",0,178,"1322"
"","170",0,"","1323"
2,"170",0,176,"1324"
2,"170",0,176,"1325"
2,"170",0,169,"1326"
3,"170",0,179,"1327"
"","170",0,"","1328"
2,"170",0,175,"1329"
2,"170",0,180,"1330"
2,"170",0,177,"1331"
2,"171",0,176,"1332"
3,"171",0,175,"1333"
"","171",0,"","1334"
2,"171",0,175,"1335"
"","171",0,"","1336"
1,"171",0,176,"1337"
3,"171",0,177,"1338"
3,"171",0,176,"1339"
"","171",0,"","1340"
"","171",0,"","1341"
2,"172",0,175,"1342"
"","172",0,"","1343"
2,"172",0,175,"1344"
1,"172",0,177,"1345"
1,"172",0,200,"1346"
"","172",0,"","1347"
2,"172",0,177,"1348"
"","172",0,"","1349"
2,"173",0,177,"1350"
2,"173",0,178,"1351"
"","173",0,"","1352"
"","173",0,"","1353"
"","173",0,"","1354"
"","173",0,"","1355"
3,"173",0,169,"1356"
2,"173",0,175,"1357"
"","173",0,"","1358"
2,"173",0,169,"1359"
3,"173",0,176,"1360"
"","174",0,"","1361"
"","174",0,"","1362"
"","174",0,"","1363"
2,"174",0,169,"1364"
3,"174",0,177,"1365"
2,"174",0,176,"1366"
2,"174",0,175,"1367"
2,"174",0,176,"1368"
3,"174",0,175,"1369"
"","174",0,"","1370"
1,"174",0,175,"1371"
"","174",0,"","1372"
3,"175",0,178,"1373"
"","175",0,"","1374"
"","175",0,"","1375"
"","175",0,"","1376"
"","175",0,"","1377"
2,"175",0,179,"1378"
2,"175",0,178,"1379"
1,"175",0,175,"1380"
2,"175",0,175,"1381"
3,"176",0,175,"1382"
"","176",0,"","1383"
2,"176",0,176,"1384"
2,"176",0,176,"1385"
3,"176",0,179,"1386"
2,"176",0,176,"1387"
1,"176",0,176,"1388"
3,"176",0,177,"1389"
2,"176",0,176,"1390"
1,"176",0,179,"1391"
3,"176",0,177,"1392"
"","177",0,"","1393"
2,"177",0,178,"1394"
3,"177",0,176,"1395"
3,"177",0,176,"1396"
"","177",0,"","1397"
2,"177",0,177,"1398"
"","177",0,"","1399"
1,"177",0,176,"1400"
"","177",0,"","1401"
1,"177",0,170,"1402"
"","177",0,"","1403"
3,"177",0,179,"1404"
3,"177",0,176,"1405"
3,"177",0,178,"1406"
1,"178",0,176,"1407"
"","178",0,"","1408"
"","178",0,"","1409"
"","178",0,"","1410"
"","178",0,"","1411"
1,"178",0,178,"1412"
1,"178",0,178,"1413"
2,"178",0,175,"1414"
1,"179",0,178,"1415"
3,"179",0,175,"1416"
"","179",0,"","1417"
3,"179",0,177,"1418"
"","179",0,"","1419"
"","179",0,"","1420"
"","179",0,"","1421"
"","179",0,"","1422"
"","179",0,"","1423"
2,"179",0,177,"1424"
2,"179",0,200,"1425"
"","180",0,"","1426"
3,"180",0,178,"1427"
"","180",0,"","1428"
1,"180",0,175,"1429"
3,"180",0,179,"1430"
3,"180",0,176,"1431"
1,"180",0,179,"1432"
1,"180",0,176,"1433"
3,"180",0,175,"1434"
2,"180",0,175,"1435"
"","180",0,"","1436"
"","180",0,"","1437"
1,"181",0,177,"1438"
1,"181",0,176,"1439"
2,"181",0,169,"1440"
2,"181",0,177,"1441"
"","181",0,"","1442"
"","181",0,"","1443"
2,"181",0,176,"1444"
3,"181",0,177,"1445"
2,"181",0,179,"1446"
"","181",0,"","1447"
"","181",0,"","1448"
"","181",0,"","1449"
"","182",0,"","1450"
"","182",0,"","1451"
"","182",0,"","1452"
3,"182",0,178,"1453"
3,"182",0,178,"1454"
3,"182",0,176,"1455"
3,"182",0,170,"1456"
1,"182",0,177,"1457"
"","182",0,"","1458"
"","182",0,"","1459"
"","182",0,"","1460"
3,"182",0,178,"1461"
2,"183",0,178,"1462"
3,"183",0,177,"1463"
"","183",0,"","1464"
2,"183",0,175,"1465"
2,"183",0,177,"1466"
1,"183",0,176,"1467"
3,"183",0,176,"1468"
"","183",0,"","1469"
2,"183",0,176,"1470"
"","183",0,"","1471"
"","184",0,"","1472"
2,"184",0,176,"1473"
2,"184",0,177,"1474"
2,"184",0,169,"1475"
"","184",0,"","1476"
1,"184",0,176,"1477"
"","184",0,"","1478"
"","184",0,"","1479"
"","184",0,"","1480"
2,"185",0,169,"1481"
3,"185",0,177,"1482"
3,"185",0,178,"1483"
3,"185",0,179,"1484"
"","185",0,"","1485"
3,"185",0,175,"1486"
2,"185",0,200,"1487"
1,"185",0,176,"1488"
3,"185",0,175,"1489"
2,"185",0,176,"1490"
"","185",0,"","1491"
2,"185",0,170,"1492"
"","185",0,"","1493"
"","185",0,"","1494"
"","185",0,"","1495"
"","185",0,"","1496"
"","186",0,"","1497"
"","186",0,"","1498"
3,"186",0,170,"1499"
1,"186",0,180,"1500"
"","186",0,"","1501"
2,"186",0,176,"1502"
2,"186",0,175,"1503"
2,"186",0,175,"1504"
"","186",0,"","1505"
2,"186",0,177,"1506"
"","186",0,"","1507"
"","186",0,"","1508"
2,"186",0,169,"1509"
3,"186",0,176,"1510"
3,"187",0,200,"1511"
1,"187",0,175,"1512"
1,"187",0,177,"1513"
"","187",0,"","1514"
2,"187",0,170,"1515"
"","187",0,"","1516"
"","187",0,"","1517"
"","188",0,"","1518"
"","188",0,"","1519"
"","188",0,"","1520"
2,"188",0,175,"1521"
"","188",0,"","1522"
1,"188",0,180,"1523"
3,"188",0,177,"1524"
3,"188",0,176,"1525"
1,"188",0,175,"1526"
"","188",0,"","1527"
1,"188",0,177,"1528"
"","188",0,"","1529"
3,"189",0,175,"1530"
2,"189",0,175,"1531"
1,"189",0,175,"1532"
"","189",0,"","1533"
"","189",0,"","1534"
"","189",0,"","1535"
1,"189",0,200,"1536"
3,"189",0,176,"1537"
"","189",0,"","1538"
3,"190",0,177,"1539"
1,"190",0,175,"1540"
"","190",0,"","1541"
"","190",0,"","1542"
1,"190",0,175,"1543"
3,"190",0,175,"1544"
"","190",0,"","1545"
3,"190",0,176,"1546"
2,"190",0,178,"1547"
3,"191",0,179,"1548"
3,"191",0,175,"1549"
2,"191",0,179,"1550"
1,"191",0,175,"1551"
"","191",0,"","1552"
1,"191",0,176,"1553"
3,"191",0,176,"1554"
3,"191",0,177,"1555"
2,"191",0,175,"1556"
3,"191",0,178,"1557"
"","191",0,"","1558"
2,"191",0,175,"1559"
2,"192",0,179,"1560"
"","192",0,"","1561"
2,"192",0,175,"1562"
"","192",0,"","1563"
3,"192",0,175,"1564"
3,"192",0,177,"1565"
"","192",0,"","1566"
"","192",0,"","1567"
"","192",0,"","1568"
2,"192",0,179,"1569"
3,"192",0,176,"1570"
3,"192",0,176,"1571"
2,"193",0,179,"1572"
1,"193",0,177,"1573"
2,"193",0,177,"1574"
1,"193",0,178,"1575"
2,"193",0,177,"1576"
"","193",0,"","1577"
2,"193",0,177,"1578"
"","193",0,"","1579"
1,"193",0,177,"1580"
1,"194",0,175,"1581"
"","194",0,"","1582"
2,"194",0,176,"1583"
1,"194",0,176,"1584"
3,"194",0,176,"1585"
3,"194",0,169,"1586"
"","194",0,"","1587"
"","194",0,"","1588"
1,"194",0,178,"1589"
"","194",0,"","1590"
2,"194",0,169,"1591"
3,"194",0,176,"1592"
3,"194",0,177,"1593"
2,"194",0,177,"1594"
3,"195",0,176,"1595"
2,"195",0,179,"1596"
"","195",0,"","1597"
2,"195",0,175,"1598"
"","196",0,"","1599"
3,"196",0,175,"1600"
1,"196",0,176,"1601"
2,"196",0,169,"1602"
"","196",0,"","1603"
3,"196",0,176,"1604"
2,"197",0,176,"1605"
3,"197",0,176,"1606"
3,"197",0,176,"1607"
"","197",0,"","1608"
3,"197",0,175,"1609"
"","197",0,"","1610"
2,"197",0,176,"1611"
2,"197",0,176,"1612"
1,"197",0,178,"1613"
3,"197",0,200,"1614"
3,"197",0,175,"1615"
"","197",0,"","1616"
2,"197",0,180,"1617"
3,"197",0,178,"1618"
3,"197",0,175,"1619"
1,"197",0,178,"1620"
"","198",0,"","1621"
2,"198",0,177,"1622"
"","198",0,"","1623"
"","198",0,"","1624"
2,"198",0,177,"1625"
3,"198",0,176,"1626"
2,"198",0,169,"1627"
3,"198",0,175,"1628"
1,"198",0,176,"1629"
"","198",0,"","1630"
"","198",0,"","1631"
3,"198",0,179,"1632"
"","199",0,"","1633"
2,"199",0,176,"1634"
2,"199",0,178,"1635"
"","199",0,"","1636"
2,"199",0,175,"1637"
2,"199",0,176,"1638"
1,"199",0,178,"1639"
"","199",0,"","1640"
"","199",0,"","1641"
2,"199",0,169,"1642"
3,"199",0,175,"1643"
2,"199",0,176,"1644"
1,"199",0,179,"1645"
1,"199",0,175,"1646"
2,"200",0,179,"1647"
"","200",0,"","1648"
"","200",0,"","1649"
1,"200",0,176,"1650"
2,"200",0,176,"1651"
"","200",0,"","1652"
1,"200",0,177,"1653"
2,"201",0,176,"1654"
3,"201",0,176,"1655"
"","201",0,"","1656"
2,"201",0,177,"1657"
"","201",0,"","1658"
3,"201",0,176,"1659"
"","201",0,"","1660"
1,"201",0,176,"1661"
2,"201",0,177,"1662"
"","201",0,"","1663"
"","201",0,"","1664"
3,"201",0,178,"1665"
1,"201",0,175,"1666"
3,"201",0,178,"1667"
1,"201",0,176,"1668"
3,"201",0,178,"1669"
1,"202",0,178,"1670"
3,"202",0,176,"1671"
"","202",0,"","1672"
2,"202",0,179,"1673"
"","202",0,"","1674"
1,"202",0,176,"1675"
"","202",0,"","1676"
2,"202",0,170,"1677"
3,"202",0,179,"1678"
2,"202",0,177,"1679"
1,"202",0,176,"1680"
"","202",0,"","1681"
"","202",0,"","1682"
"","203",0,"","1683"
2,"203",0,200,"1684"
"","203",0,"","1685"
3,"203",0,177,"1686"
2,"203",0,177,"1687"
1,"203",0,200,"1688"
"","203",0,"","1689"
3,"204",0,177,"1690"
"","204",0,"","1691"
1,"204",0,175,"1692"
"","204",0,"","1693"
"","205",0,"","1694"
3,"205",0,180,"1695"
3,"205",0,176,"1696"
"","205",0,"","1697"
"","205",0,"","1698"
"","205",0,"","1699"
3,"205",0,178,"1700"
1,"205",0,175,"1701"
2,"205",0,200,"1702"
"","205",0,"","1703"
"","205",0,"","1704"
"","206",0,"","1705"
"","206",0,"","1706"
1,"206",0,176,"1707"
2,"207",0,200,"1708"
"","207",0,"","1709"
2,"207",0,180,"1710"
"","207",0,"","1711"
"","207",0,"","1712"
"","207",0,"","1713"
2,"207",0,176,"1714"
"","207",0,"","1715"
1,"207",0,200,"1716"
"","207",0,"","1717"
3,"207",0,170,"1718"
1,"207",0,179,"1719"
1,"207",0,177,"1720"
1,"208",0,200,"1721"
"","208",0,"","1722"
3,"208",0,176,"1723"
3,"208",0,178,"1724"
2,"208",0,175,"1725"
3,"208",0,176,"1726"
3,"209",0,170,"1727"
"","209",0,"","1728"
1,"209",0,178,"1729"
1,"209",0,175,"1730"
1,"209",0,178,"1731"
3,"209",0,175,"1732"
1,"209",0,177,"1733"
1,"209",0,177,"1734"
3,"209",0,175,"1735"
3,"209",0,176,"1736"
3,"209",0,175,"1737"
"","209",0,"","1738"
2,"209",0,176,"1739"
"","209",0,"","1740"
2,"209",0,175,"1741"
1,"210",0,175,"1742"
3,"210",0,179,"1743"
"","210",0,"","1744"
1,"210",0,177,"1745"
"","210",0,"","1746"
"","210",0,"","1747"
"","210",0,"","1748"
2,"210",0,176,"1749"
2,"211",0,175,"1750"
3,"211",0,200,"1751"
"","211",0,"","1752"
"","211",0,"","1753"
"","211",0,"","1754"
2,"211",0,176,"1755"
"","211",0,"","1756"
3,"211",0,177,"1757"
1,"211",0,175,"1758"
2,"211",0,176,"1759"
1,"211",0,175,"1760"
"","211",0,"","1761"
3,"211",0,175,"1762"
3,"211",0,176,"1763"
"","211",0,"","1764"
2,"212",0,176,"1765"
2,"212",0,177,"1766"
"","212",0,"","1767"
3,"212",0,175,"1768"
2,"212",0,176,"1769"
2,"212",0,178,"1770"
3,"212",0,176,"1771"
2,"212",0,175,"1772"
"","212",0,"","1773"
1,"212",0,176,"1774"
3,"212",0,178,"1775"
2,"212",0,176,"1776"
3,"213",0,175,"1777"
1,"213",0,177,"1778"
3,"213",0,175,"1779"
"","213",0,"","1780"
3,"213",0,180,"1781"
"","213",0,"","1782"
1,"213",0,175,"1783"
3,"213",0,170,"1784"
"","214",0,"","1785"
"","214",0,"","1786"
"","214",0,"","1787"
1,"214",0,176,"1788"
"","214",0,"","1789"
2,"215",0,177,"1790"
"","215",0,"","1791"
"","215",0,"","1792"
2,"215",0,170,"1793"
"","215",0,"","1794"
1,"215",0,176,"1795"
"","215",0,"","1796"
"","215",0,"","1797"
3,"215",0,176,"1798"
"","216",0,"","1799"
"","216",0,"","1800"
"","216",0,"","1801"
"","216",0,"","1802"
1,"216",0,176,"1803"
"","216",0,"","1804"
2,"216",0,169,"1805"
"","216",0,"","1806"
"","216",0,"","1807"
1,"216",0,175,"1808"
3,"216",0,177,"1809"
1,"217",0,177,"1810"
1,"217",0,179,"1811"
"","217",0,"","1812"
3,"217",0,176,"1813"
3,"217",0,177,"1814"
1,"217",0,176,"1815"
"","217",0,"","1816"
"","217",0,"","1817"
3,"217",0,175,"1818"
"","217",0,"","1819"
2,"217",0,175,"1820"
3,"217",0,176,"1821"
2,"217",0,175,"1822"
2,"217",0,175,"1823"
"","217",0,"","1824"
2,"218",0,175,"1825"
"","218",0,"","1826"
2,"218",0,178,"1827"
"","218",0,"","1828"
3,"218",0,175,"1829"
3,"218",0,177,"1830"
1,"219",0,176,"1831"
"","219",0,"","1832"
"","219",0,"","1833"
"","219",0,"","1834"
1,"219",0,177,"1835"
3,"219",0,177,"1836"
2,"219",0,178,"1837"
"","219",0,"","1838"
"","219",0,"","1839"
"","219",0,"","1840"
"","219",0,"","1841"
3,"220",0,176,"1842"
"","220",0,"","1843"
2,"220",0,176,"1844"
1,"220",0,176,"1845"
"","220",0,"","1846"
3,"220",0,180,"1847"
"","220",0,"","1848"
1,"220",0,176,"1849"
"","220",0,"","1850"
2,"221",0,176,"1851"
"","221",0,"","1852"
1,"221",0,179,"1853"
1,"221",0,175,"1854"
"","221",0,"","1855"
3,"221",0,175,"1856"
3,"221",0,176,"1857"
"","221",0,"","1858"
"","221",0,"","1859"
2,"221",0,176,"1860"
3,"221",0,175,"1861"
"","222",0,"","1862"
3,"222",0,175,"1863"
1,"222",0,176,"1864"
1,"222",0,177,"1865"
1,"222",0,177,"1866"
"","222",0,"","1867"
1,"222",0,175,"1868"
"","222",0,"","1869"
3,"222",0,175,"1870"
3,"223",0,180,"1871"
"","223",0,"","1872"
"","223",0,"","1873"
3,"223",0,176,"1874"
1,"223",0,176,"1875"
"","223",0,"","1876"
3,"223",0,176,"1877"
"","223",0,"","1878"
2,"223",0,178,"1879"
3,"223",0,177,"1880"
"","224",0,"","1881"
"","224",0,"","1882"
3,"224",0,177,"1883"
"","224",0,"","1884"
2,"224",0,175,"1885"
1,"224",0,178,"1886"
"","224",0,"","1887"
2,"224",0,177,"1888"
"","224",0,"","1889"
"","224",0,"","1890"
3,"224",0,170,"1891"
"","225",0,"","1892"
2,"225",0,175,"1893"
2,"225",0,175,"1894"
"","225",0,"","1895"
2,"225",0,176,"1896"
1,"225",0,169,"1897"
1,"225",0,178,"1898"
"","226",0,"","1899"
3,"226",0,178,"1900"
"","226",0,"","1901"
"","226",0,"","1902"
1,"226",0,177,"1903"
3,"226",0,175,"1904"
"","226",0,"","1905"
"","226",0,"","1906"
1,"226",0,176,"1907"
3,"227",0,178,"1908"
"","227",0,"","1909"
3,"227",0,178,"1910"
3,"227",0,177,"1911"
"","227",0,"","1912"
2,"228",0,176,"1913"
1,"228",0,200,"1914"
2,"228",0,177,"1915"
"","228",0,"","1916"
"","228",0,"","1917"
2,"228",0,176,"1918"
1,"228",0,169,"1919"
"","228",0,"","1920"
"","228",0,"","1921"
"","228",0,"","1922"
"","229",0,"","1923"
"","229",0,"","1924"
"","229",0,"","1925"
"","229",0,"","1926"
"","229",0,"","1927"
"","229",0,"","1928"
3,"229",0,200,"1929"
"","229",0,"","1930"
1,"230",0,176,"1931"
1,"230",0,176,"1932"
3,"230",0,176,"1933"
3,"230",0,170,"1934"
"","230",0,"","1935"
3,"230",0,176,"1936"
"","230",0,"","1937"
3,"230",0,169,"1938"
"","230",0,"","1939"
2,"231",0,180,"1940"
3,"231",0,175,"1941"
2,"231",0,176,"1942"
2,"231",0,176,"1943"
2,"231",0,175,"1944"
"","231",0,"","1945"
1,"231",0,176,"1946"
1,"231",0,176,"1947"
"","231",0,"","1948"
2,"231",0,176,"1949"
3,"231",0,170,"1950"
"","231",0,"","1951"
"","231",0,"","1952"
3,"231",0,179,"1953"
"","231",0,"","1954"
1,"232",0,176,"1955"
"","232",0,"","1956"
2,"232",0,175,"1957"
"","232",0,"","1958"
1,"232",0,176,"1959"
1,"233",0,178,"1960"
"","233",0,"","1961"
"","233",0,"","1962"
"","233",0,"","1963"
"","233",0,"","1964"
2,"233",0,180,"1965"
2,"233",0,180,"1966"
"","234",0,"","1967"
1,"234",0,176,"1968"
1,"234",0,177,"1969"
"","234",0,"","1970"
3,"234",0,178,"1971"
3,"234",0,176,"1972"
1,"234",0,177,"1973"
1,"234",0,170,"1974"
3,"234",0,176,"1975"
3,"234",0,175,"1976"
2,"235",0,200,"1977"
2,"235",0,177,"1978"
3,"235",0,176,"1979"
"","235",0,"","1980"
2,"235",0,176,"1981"
1,"235",0,177,"1982"
3,"235",0,179,"1983"
1,"236",0,177,"1984"
1,"236",0,176,"1985"
3,"236",0,177,"1986"
"","236",0,"","1987"
"","237",0,"","1988"
"","237",0,"","1989"
1,"237",0,175,"1990"
"","237",0,"","1991"
2,"237",0,177,"1992"
1,"237",0,177,"1993"
"","237",0,"","1994"
1,"237",0,175,"1995"
1,"237",0,175,"1996"
1,"238",0,177,"1997"
"","238",0,"","1998"
2,"238",0,170,"1999"
"","238",0,"","2000"
3,"238",0,177,"2001"
1,"238",0,178,"2002"
3,"238",0,177,"2003"
"","238",0,"","2004"
2,"238",0,176,"2005"
2,"239",0,176,"2006"
"","239",0,"","2007"
3,"239",0,177,"2008"
"","239",0,"","2009"
3,"239",0,170,"2010"
1,"239",0,169,"2011"
"","239",0,"","2012"
2,"240",0,176,"2013"
1,"240",0,176,"2014"
"","240",0,"","2015"
"","240",0,"","2016"
"","240",0,"","2017"
2,"240",0,175,"2018"
"","240",0,"","2019"
2,"240",0,177,"2020"
"","240",0,"","2021"
"","241",0,"","2022"
3,"241",0,176,"2023"
2,"241",0,177,"2024"
1,"241",0,176,"2025"
1,"241",0,177,"2026"
1,"241",0,178,"2027"
1,"242",0,177,"2028"
"","242",0,"","2029"
"","242",0,"","2030"
"","242",0,"","2031"
1,"242",0,175,"2032"
2,"242",0,176,"2033"
1,"242",0,180,"2034"
2,"242",0,175,"2035"
3,"242",0,176,"2036"
2,"242",0,176,"2037"
"","242",0,"","2038"
2,"242",0,175,"2039"
"","243",0,"","2040"
2,"243",0,175,"2041"
1,"243",0,175,"2042"
3,"243",0,178,"2043"
"","243",0,"","2044"
3,"244",0,175,"2045"
"","244",0,"","2046"
2,"244",0,170,"2047"
2,"244",0,177,"2048"
"","244",0,"","2049"
"","244",0,"","2050"
"","244",0,"","2051"
"","245",0,"","2052"
1,"245",0,176,"2053"
1,"245",0,176,"2054"
"","245",0,"","2055"
"","245",0,"","2056"
"","245",0,"","2057"
"","245",0,"","2058"
"","245",0,"","2059"
"","245",0,"","2060"
3,"245",0,176,"2061"
"","245",0,"","2062"
"","246",0,"","2063"
"","246",0,"","2064"
"","247",0,"","2065"
"","247",0,"","2066"
1,"247",0,175,"2067"
"","247",0,"","2068"
"","247",0,"","2069"
2,"247",0,170,"2070"
"","247",0,"","2071"
"","247",0,"","2072"
3,"248",0,175,"2073"
"","248",0,"","2074"
3,"248",0,177,"2075"
3,"248",0,178,"2076"
3,"248",0,175,"2077"
1,"248",0,175,"2078"
3,"248",0,178,"2079"
"","248",0,"","2080"
"","248",0,"","2081"
2,"248",0,176,"2082"
"","249",0,"","2083"
2,"249",0,177,"2084"
"","249",0,"","2085"
"","249",0,"","2086"
1,"249",0,176,"2087"
2,"249",0,170,"2088"
1,"249",0,175,"2089"
1,"249",0,176,"2090"
"","249",0,"","2091"
2,"249",0,175,"2092"
2,"250",0,175,"2093"
1,"250",0,177,"2094"
"","251",0,"","2095"
1,"251",0,175,"2096"
1,"251",0,178,"2097"
2,"251",0,178,"2098"
2,"251",0,176,"2099"
"","251",0,"","2100"
"","252",0,"","2101"
"","252",0,"","2102"
1,"252",0,178,"2103"
"","252",0,"","2104"
1,"252",0,177,"2105"
1,"253",0,177,"2106"
"","253",0,"","2107"
2,"253",0,177,"2108"
2,"253",0,176,"2109"
"","253",0,"","2110"
"","253",0,"","2111"
3,"253",0,177,"2112"
"","253",0,"","2113"
"","253",0,"","2114"
3,"254",0,175,"2115"
3,"254",0,175,"2116"
3,"254",0,177,"2117"
1,"254",0,179,"2118"
3,"254",0,176,"2119"
"","254",0,"","2120"
2,"254",0,175,"2121"
1,"254",0,175,"2122"
"","254",0,"","2123"
1,"255",0,175,"2124"
1,"255",0,170,"2125"
3,"255",0,175,"2126"
"","255",0,"","2127"
3,"255",0,179,"2128"
"","255",0,"","2129"
1,"255",0,169,"2130"
3,"255",0,177,"2131"
"","256",0,"","2132"
3,"256",0,177,"2133"
2,"256",0,170,"2134"
2,"256",0,175,"2135"
"","256",0,"","2136"
"","256",0,"","2137"
"","256",0,"","2138"
"","256",0,"","2139"
3,"257",0,176,"2140"
1,"257",0,175,"2141"
"","257",0,"","2142"
"","257",0,"","2143"
3,"257",0,175,"2144"
"","257",0,"","2145"
"","257",0,"","2146"
2,"257",0,177,"2147"
"","258",0,"","2148"
"","258",0,"","2149"
1,"258",0,178,"2150"
"","258",0,"","2151"
"","258",0,"","2152"
"","258",0,"","2153"
1,"258",0,178,"2154"
3,"258",0,176,"2155"
"","259",0,"","2156"
2,"259",0,170,"2157"
1,"259",0,176,"2158"
"","259",0,"","2159"
"","259",0,"","2160"
2,"259",0,178,"2161"
"","259",0,"","2162"
1,"259",0,175,"2163"
2,"260",0,177,"2164"
3,"260",0,176,"2165"
3,"260",0,175,"2166"
"","260",0,"","2167"
1,"260",0,179,"2168"
3,"260",0,177,"2169"
"","260",0,"","2170"
2,"260",0,169,"2171"
3,"261",0,176,"2172"
1,"261",0,176,"2173"
"","262",0,"","2174"
"","262",0,"","2175"
3,"262",0,176,"2176"
1,"262",0,176,"2177"
"","262",0,"","2178"
3,"262",0,176,"2179"
"","262",0,"","2180"
1,"262",0,178,"2181"
"","262",0,"","2182"
"","262",0,"","2183"
3,"262",0,176,"2184"
"","262",0,"","2185"
"","262",0,"","2186"
"","263",0,"","2187"
1,"263",0,176,"2188"
1,"263",0,175,"2189"
"","263",0,"","2190"
2,"263",0,179,"2191"
3,"263",0,170,"2192"
"","263",0,"","2193"
"","263",0,"","2194"
3,"263",0,177,"2195"
"","263",0,"","2196"
"","263",0,"","2197"
2,"263",0,175,"2198"
1,"264",0,175,"2199"
3,"264",0,175,"2200"
"","264",0,"","2201"
"","264",0,"","2202"
1,"264",0,177,"2203"
"","265",0,"","2204"
"","265",0,"","2205"
"","265",0,"","2206"
"","265",0,"","2207"
"","265",0,"","2208"
"","265",0,"","2209"
"","266",0,"","2210"
3,"266",0,177,"2211"
"","266",0,"","2212"
"","266",0,"","2213"
"","266",0,"","2214"
1,"266",0,175,"2215"
3,"267",0,170,"2216"
3,"267",0,170,"2217"
1,"267",0,176,"2218"
"","267",0,"","2219"
1,"267",0,200,"2220"
1,"267",0,177,"2221"
3,"268",0,175,"2222"
1,"268",0,176,"2223"
"","268",0,"","2224"
2,"268",0,179,"2225"
3,"268",0,175,"2226"
"","268",0,"","2227"
2,"268",0,180,"2228"
1,"268",0,179,"2229"
"","269",0,"","2230"
"","269",0,"","2231"
2,"269",0,175,"2232"
"","269",0,"","2233"
"","269",0,"","2234"
"","269",0,"","2235"
"","269",0,"","2236"
"","269",0,"","2237"
1,"269",0,176,"2238"
"","269",0,"","2239"
"","270",0,"","2240"
2,"270",0,169,"2241"
"","270",0,"","2242"
1,"270",0,177,"2243"
1,"270",0,175,"2244"
"","270",0,"","2245"
1,"271",0,175,"2246"
"","271",0,"","2247"
"","271",0,"","2248"
2,"271",0,170,"2249"
"","271",0,"","2250"
"","271",0,"","2251"
"","271",0,"","2252"
"","272",0,"","2253"
1,"272",0,175,"2254"
1,"272",0,175,"2255"
1,"272",0,177,"2256"
2,"272",0,179,"2257"
3,"272",0,177,"2258"
1,"272",0,170,"2259"
"","272",0,"","2260"
2,"272",0,175,"2261"
2,"273",0,175,"2262"
3,"273",0,200,"2263"
"","273",0,"","2264"
1,"273",0,179,"2265"
"","273",0,"","2266"
1,"273",0,177,"2267"
1,"273",0,177,"2268"
1,"273",0,169,"2269"
3,"274",0,176,"2270"
2,"274",0,177,"2271"
1,"274",0,200,"2272"
"","274",0,"","2273"
"","274",0,"","2274"
"","274",0,"","2275"
"","274",0,"","2276"
1,"274",0,176,"2277"
1,"275",0,179,"2278"
"","275",0,"","2279"
"","275",0,"","2280"
"","275",0,"","2281"
1,"276",0,177,"2282"
"","276",0,"","2283"
"","276",0,"","2284"
3,"276",0,175,"2285"
"","276",0,"","2286"
1,"276",0,177,"2287"
"","276",0,"","2288"
1,"276",0,177,"2289"
1,"276",0,177,"2290"
"","276",0,"","2291"
"","276",0,"","2292"
3,"276",0,179,"2293"
3,"276",0,178,"2294"
"","277",0,"","2295"
2,"277",0,175,"2296"
"","277",0,"","2297"
"","277",0,"","2298"
"","277",0,"","2299"
3,"277",0,179,"2300"
1,"277",0,170,"2301"
"","277",0,"","2302"
"","277",0,"","2303"
1,"277",0,179,"2304"
3,"278",0,175,"2305"
1,"278",0,175,"2306"
"","278",0,"","2307"
2,"278",0,176,"2308"
"","278",0,"","2309"
2,"278",0,178,"2310"
"","278",0,"","2311"
"","278",0,"","2312"
3,"279",0,179,"2313"
"","279",0,"","2314"
3,"279",0,179,"2315"
"","279",0,"","2316"
"","279",0,"","2317"
"","279",0,"","2318"
1,"280",0,170,"2319"
"","280",0,"","2320"
"","280",0,"","2321"
3,"280",0,175,"2322"
"","280",0,"","2323"
1,"280",0,177,"2324"
3,"280",0,176,"2325"
"","280",0,"","2326"
"","280",0,"","2327"
"","280",0,"","2328"
1,"280",0,175,"2329"
1,"280",0,176,"2330"
"","280",0,"","2331"
"","280",0,"","2332"
1,"280",0,178,"2333"
2,"281",0,175,"2334"
"","281",0,"","2335"
3,"281",0,177,"2336"
"","281",0,"","2337"
1,"282",0,177,"2338"
"","282",0,"","2339"
3,"282",0,179,"2340"
3,"282",0,177,"2341"
"","282",0,"","2342"
1,"282",0,176,"2343"
3,"283",0,176,"2344"
3,"283",0,177,"2345"
1,"283",0,175,"2346"
2,"283",0,178,"2347"
"","283",0,"","2348"
1,"283",0,177,"2349"
"","283",0,"","2350"
"","284",0,"","2351"
1,"284",0,177,"2352"
"","284",0,"","2353"
3,"284",0,177,"2354"
"","284",0,"","2355"
"","284",0,"","2356"
"","284",0,"","2357"
2,"284",0,176,"2358"
1,"285",0,176,"2359"
1,"285",0,180,"2360"
2,"285",0,178,"2361"
1,"285",0,177,"2362"
"","285",0,"","2363"
"","286",0,"","2364"
"","286",0,"","2365"
"","286",0,"","2366"
"","287",0,"","2367"
"","287",0,"","2368"
2,"288",0,175,"2369"
"","288",0,"","2370"
"","288",0,"","2371"
"","288",0,"","2372"
"","288",0,"","2373"
"","288",0,"","2374"
1,"289",0,177,"2375"
3,"289",0,177,"2376"
"","289",0,"","2377"
1,"289",0,176,"2378"
3,"289",0,177,"2379"
1,"289",0,179,"2380"
1,"289",0,178,"2381"
2,"290",0,175,"2382"
"","290",0,"","2383"
3,"290",0,176,"2384"
"","290",0,"","2385"
"","290",0,"","2386"
"","290",0,"","2387"
1,"290",0,177,"2388"
3,"290",0,178,"2389"
2,"290",0,177,"2390"
3,"291",0,176,"2391"
1,"291",0,175,"2392"
1,"291",0,175,"2393"
"","291",0,"","2394"
"","291",0,"","2395"
2,"291",0,176,"2396"
2,"291",0,175,"2397"
2,"291",0,176,"2398"
1,"291",0,178,"2399"
2,"291",0,176,"2400"
"","292",0,"","2401"
"","293",0,"","2402"
1,"293",0,170,"2403"
"","293",0,"","2404"
1,"293",0,179,"2405"
2,"293",0,176,"2406"
2,"293",0,176,"2407"
1,"293",0,179,"2408"
3,"293",0,178,"2409"
3,"293",0,178,"2410"
1,"293",0,169,"2411"
1,"294",0,177,"2412"
"","294",0,"","2413"
1,"294",0,176,"2414"
"","294",0,"","2415"
1,"294",0,177,"2416"
"","295",0,"","2417"
"","295",0,"","2418"
1,"295",0,176,"2419"
"","295",0,"","2420"
"","295",0,"","2421"
1,"296",0,179,"2422"
2,"296",0,170,"2423"
"","296",0,"","2424"
"","296",0,"","2425"
"","296",0,"","2426"
1,"296",0,175,"2427"
1,"296",0,179,"2428"
"","296",0,"","2429"
2,"297",0,175,"2430"
"","297",0,"","2431"
"","297",0,"","2432"
"","297",0,"","2433"
1,"297",0,200,"2434"
2,"297",0,175,"2435"
3,"297",0,180,"2436"
"","297",0,"","2437"
3,"297",0,175,"2438"
3,"297",0,179,"2439"
"","297",0,"","2440"
3,"298",0,176,"2441"
"","298",0,"","2442"
3,"298",0,176,"2443"
2,"298",0,175,"2444"
"","299",0,"","2445"
"","299",0,"","2446"
1,"299",0,177,"2447"
3,"299",0,175,"2448"
"","299",0,"","2449"
1,"299",0,177,"2450"
"","299",0,"","2451"
1,"299",0,177,"2452"
"","299",0,"","2453"
"","299",0,"","2454"
2,"299",0,176,"2455"
"","300",0,"","2456"
3,"300",0,175,"2457"
3,"300",0,170,"2458"
1,"300",0,177,"2459"
2,"300",0,180,"2460"
1,"300",0,177,"2461"
1,"300",0,170,"2462"
1,"300",0,169,"2463"
"","301",0,"","2464"
1,"301",0,176,"2465"
"","301",0,"","2466"
"","302",0,"","2467"
2,"302",0,176,"2468"
3,"302",0,177,"2469"
"","302",0,"","2470"
1,"302",0,175,"2471"
"","302",0,"","2472"
"","302",0,"","2473"
"","302",0,"","2474"
"","302",0,"","2475"
2,"303",0,177,"2476"
3,"303",0,175,"2477"
"","303",0,"","2478"
"","303",0,"","2479"
"","303",0,"","2480"
"","304",0,"","2481"
2,"304",0,175,"2482"
3,"304",0,175,"2483"
3,"304",0,175,"2484"
1,"304",0,175,"2485"
2,"304",0,175,"2486"
3,"304",0,177,"2487"
"","304",0,"","2488"
1,"304",0,175,"2489"
"","304",0,"","2490"
1,"305",0,175,"2491"
1,"305",0,175,"2492"
1,"305",0,180,"2493"
"","305",0,"","2494"
3,"305",0,179,"2495"
"","305",0,"","2496"
"","306",0,"","2497"
"","306",0,"","2498"
1,"306",0,180,"2499"
"","306",0,"","2500"
"","306",0,"","2501"
"","306",0,"","2502"
2,"306",0,175,"2503"
"","307",0,"","2504"
3,"307",0,179,"2505"
"","307",0,"","2506"
1,"308",0,177,"2507"
"","308",0,"","2508"
2,"308",0,170,"2509"
1,"308",0,178,"2510"
"","308",0,"","2511"
"","308",0,"","2512"
"","308",0,"","2513"
1,"308",0,175,"2514"
3,"309",0,177,"2515"
1,"309",0,176,"2516"
2,"309",0,177,"2517"
3,"309",0,178,"2518"
"","310",0,"","2519"
3,"310",0,177,"2520"
3,"310",0,176,"2521"
"","310",0,"","2522"
1,"310",0,175,"2523"
"","311",0,"","2524"
"","311",0,"","2525"
"","311",0,"","2526"
"","311",0,"","2527"
"","311",0,"","2528"
1,"311",0,175,"2529"
"","311",0,"","2530"
1,"311",0,177,"2531"
"","312",0,"","2532"
"","312",0,"","2533"
1,"312",0,179,"2534"
1,"312",0,177,"2535"
"","312",0,"","2536"
"","312",0,"","2537"
"","312",0,"","2538"
"","312",0,"","2539"
"","312",0,"","2540"
"","313",0,"","2541"
3,"313",0,176,"2542"
"","313",0,"","2543"
1,"313",0,178,"2544"
"","313",0,"","2545"
3,"314",0,175,"2546"
"","314",0,"","2547"
"","314",0,"","2548"
"","314",0,"","2549"
1,"314",0,175,"2550"
"","315",0,"","2551"
"","315",0,"","2552"
3,"315",0,177,"2553"
"","315",0,"","2554"
2,"315",0,179,"2555"
2,"315",0,177,"2556"
3,"315",0,175,"2557"
"","316",0,"","2558"
"","316",0,"","2559"
3,"316",0,178,"2560"
"","316",0,"","2561"
"","316",0,"","2562"
"","316",0,"","2563"
"","317",0,"","2564"
3,"317",0,179,"2565"
"","318",0,"","2566"
"","318",0,"","2567"
"","318",0,"","2568"
1,"318",0,178,"2569"
"","318",0,"","2570"
"","318",0,"","2571"
"","319",0,"","2572"
1,"319",0,177,"2573"
"","319",0,"","2574"
2,"319",0,177,"2575"
"","319",0,"","2576"
3,"319",0,176,"2577"
1,"319",0,175,"2578"
"","319",0,"","2579"
"","319",0,"","2580"
"","319",0,"","2581"
1,"319",0,200,"2582"
"","320",0,"","2583"
"","320",0,"","2584"
1,"320",0,169,"2585"
"","320",0,"","2586"
1,"320",0,175,"2587"
1,"320",0,176,"2588"
2,"320",0,175,"2589"
"","320",0,"","2590"
"","320",0,"","2591"
"","321",0,"","2592"
"","321",0,"","2593"
"","321",0,"","2594"
"","321",0,"","2595"
"","321",0,"","2596"
2,"321",0,175,"2597"
2,"322",0,180,"2598"
1,"322",0,176,"2599"
"","323",0,"","2600"
"","323",0,"","2601"
3,"323",0,175,"2602"
"","323",0,"","2603"
1,"323",0,200,"2604"
"","323",0,"","2605"
"","323",0,"","2606"
2,"323",0,178,"2607"
1,"323",0,178,"2608"
"","324",0,"","2609"
"","324",0,"","2610"
"","324",0,"","2611"
1,"324",0,176,"2612"
"","324",0,"","2613"
"","324",0,"","2614"
"","324",0,"","2615"
2,"325",0,180,"2616"
"","325",0,"","2617"
"","325",0,"","2618"
"","325",0,"","2619"
"","325",0,"","2620"
"","325",0,"","2621"
"","326",0,"","2622"
1,"326",0,177,"2623"
1,"326",0,177,"2624"
"","326",0,"","2625"
"","326",0,"","2626"
"","326",0,"","2627"
"","327",0,"","2628"
1,"327",0,200,"2629"
"","327",0,"","2630"
3,"327",0,178,"2631"
1,"328",0,176,"2632"
"","328",0,"","2633"
"","328",0,"","2634"
"","329",0,"","2635"
3,"329",0,179,"2636"
"","329",0,"","2637"
3,"329",0,176,"2638"
2,"329",0,175,"2639"
"","329",0,"","2640"
"","329",0,"","2641"
"","329",0,"","2642"
2,"330",0,177,"2643"
"","330",0,"","2644"
1,"330",0,176,"2645"
"","330",0,"","2646"
"","330",0,"","2647"
"","330",0,"","2648"
"","331",0,"","2649"
"","331",0,"","2650"
"","331",0,"","2651"
3,"331",0,177,"2652"
2,"331",0,177,"2653"
1,"331",0,176,"2654"
"","331",0,"","2655"
1,"331",0,175,"2656"
1,"331",0,176,"2657"
"","332",0,"","2658"
"","332",0,"","2659"
"","332",0,"","2660"
1,"332",0,176,"2661"
"","332",0,"","2662"
"","332",0,"","2663"
3,"332",0,169,"2664"
"","333",0,"","2665"
"","333",0,"","2666"
"","333",0,"","2667"
"","333",0,"","2668"
"","333",0,"","2669"
"","334",0,"","2670"
2,"334",0,176,"2671"
"","334",0,"","2672"
"","334",0,"","2673"
"","334",0,"","2674"
"","335",0,"","2675"
1,"335",0,176,"2676"
"","335",0,"","2677"
"","336",0,"","2678"
3,"336",0,170,"2679"
1,"336",0,175,"2680"
"","336",0,"","2681"
"","336",0,"","2682"
3,"337",0,178,"2683"
"","337",0,"","2684"
"","337",0,"","2685"
"","337",0,"","2686"
3,"337",0,175,"2687"
2,"337",0,176,"2688"
"","337",0,"","2689"
"","338",0,"","2690"
"","338",0,"","2691"
"","338",0,"","2692"
"","338",0,"","2693"
"","339",0,"","2694"
1,"340",0,170,"2695"
"","340",0,"","2696"
"","340",0,"","2697"
"","340",0,"","2698"
3,"341",0,177,"2699"
"","341",0,"","2700"
1,"341",0,176,"2701"
3,"342",0,176,"2702"
1,"342",0,177,"2703"
2,"342",0,177,"2704"
1,"342",0,170,"2705"
1,"342",0,175,"2706"
2,"342",0,175,"2707"
"","342",0,"","2708"
"","343",0,"","2709"
1,"343",0,178,"2710"
2,"343",0,176,"2711"
"","343",0,"","2712"
"","343",0,"","2713"
1,"343",0,170,"2714"
"","343",0,"","2715"
"","343",0,"","2716"
"","344",0,"","2717"
1,"344",0,178,"2718"
"","344",0,"","2719"
1,"344",0,178,"2720"
"","344",0,"","2721"
1,"345",0,177,"2722"
"","345",0,"","2723"
"","345",0,"","2724"
"","345",0,"","2725"
3,"345",0,175,"2726"
"","346",0,"","2727"
"","346",0,"","2728"
1,"346",0,176,"2729"
"","346",0,"","2730"
1,"346",0,175,"2731"
1,"346",0,176,"2732"
1,"346",0,175,"2733"
"","347",0,"","2734"
1,"347",0,175,"2735"
3,"347",0,176,"2736"
1,"347",0,179,"2737"
"","347",0,"","2738"
1,"347",0,177,"2739"
"","347",0,"","2740"
1,"347",0,176,"2741"
1,"347",0,175,"2742"
"","348",0,"","2743"
"","348",0,"","2744"
"","348",0,"","2745"
"","348",0,"","2746"
"","348",0,"","2747"
"","348",0,"","2748"
"","348",0,"","2749"
1,"348",0,175,"2750"
"","349",0,"","2751"
3,"349",0,177,"2752"
"","349",0,"","2753"
2,"349",0,175,"2754"
"","349",0,"","2755"
"","349",0,"","2756"
"","349",0,"","2757"
1,"349",0,176,"2758"
"","349",0,"","2759"
1,"349",0,180,"2760"
"","350",0,"","2761"
"","350",0,"","2762"
"","350",0,"","2763"
"","350",0,"","2764"
"","350",0,"","2765"
2,"351",0,175,"2766"
"","351",0,"","2767"
"","351",0,"","2768"
"","351",0,"","2769"
"","352",0,"","2770"
"","352",0,"","2771"
"","352",0,"","2772"
"","352",0,"","2773"
1,"352",0,176,"2774"
2,"353",0,177,"2775"
"","353",0,"","2776"
"","353",0,"","2777"
1,"354",0,176,"2778"
"","354",0,"","2779"
"","354",0,"","2780"
3,"354",0,200,"2781"
3,"354",0,179,"2782"
"","355",0,"","2783"
"","355",0,"","2784"
1,"355",0,176,"2785"
"","355",0,"","2786"
"","355",0,"","2787"
1,"355",0,175,"2788"
"","356",0,"","2789"
"","356",0,"","2790"
"","356",0,"","2791"
1,"356",0,177,"2792"
"","356",0,"","2793"
3,"356",0,177,"2794"
2,"356",0,175,"2795"
"","356",0,"","2796"
2,"356",0,176,"2797"
"","356",0,"","2798"
1,"357",0,175,"2799"
"","357",0,"","2800"
1,"357",0,176,"2801"
"","358",0,"","2802"
"","358",0,"","2803"
"","358",0,"","2804"
"","358",0,"","2805"
3,"358",0,175,"2806"
3,"359",0,177,"2807"
1,"359",0,175,"2808"
1,"359",0,175,"2809"
"","359",0,"","2810"
1,"360",0,175,"2811"
1,"360",0,176,"2812"
"","360",0,"","2813"
"","360",0,"","2814"
"","360",0,"","2815"
"","361",0,"","2816"
"","361",0,"","2817"
2,"361",0,175,"2818"
"","361",0,"","2819"
"","361",0,"","2820"
"","361",0,"","2821"
"","361",0,"","2822"
"","362",0,"","2823"
"","362",0,"","2824"
"","362",0,"","2825"
"","362",0,"","2826"
"","362",0,"","2827"
1,"362",0,176,"2828"
"","362",0,"","2829"
"","362",0,"","2830"
"","363",0,"","2831"
"","363",0,"","2832"
"","363",0,"","2833"
2,"363",0,175,"2834"
"","363",0,"","2835"
"","363",0,"","2836"
"","363",0,"","2837"
"","363",0,"","2838"
"","364",0,"","2839"
"","365",0,"","2840"
1,"365",0,179,"2841"
1,"365",0,176,"2842"
"","366",0,"","2843"
"","366",0,"","2844"
"","366",0,"","2845"
"","367",0,"","2846"
"","367",0,"","2847"
"","367",0,"","2848"
"","367",0,"","2849"
1,"367",0,177,"2850"
"","367",0,"","2851"
1,"367",0,176,"2852"
"","368",0,"","2853"
"","368",0,"","2854"
1,"368",0,178,"2855"
"","368",0,"","2856"
"","368",0,"","2857"
"","368",0,"","2858"
1,"368",0,177,"2859"
1,"370",0,177,"2860"
"","370",0,"","2861"
1,"370",0,177,"2862"
"","370",0,"","2863"
"","370",0,"","2864"
"","370",0,"","2865"
"","371",0,"","2866"
"","371",0,"","2867"
2,"371",0,177,"2868"
"","371",0,"","2869"
1,"371",0,176,"2870"
2,"372",0,178,"2871"
"","372",0,"","2872"
"","372",0,"","2873"
"","373",0,"","2874"
"","373",0,"","2875"
"","373",0,"","2876"
"","373",0,"","2877"
"","373",0,"","2878"
"","373",0,"","2879"
1,"374",0,175,"2880"
"","374",0,"","2881"
"","374",0,"","2882"
"","374",0,"","2883"
2,"375",0,178,"2884"
"","375",0,"","2885"
"","375",0,"","2886"
"","376",0,"","2887"
"","376",0,"","2888"
"","376",0,"","2889"
"","377",0,"","2890"
"","377",0,"","2891"
1,"377",0,177,"2892"
"","378",0,"","2893"
"","378",0,"","2894"
"","378",0,"","2895"
"","378",0,"","2896"
"","379",0,"","2897"
"","379",0,"","2898"
"","379",0,"","2899"
"","379",0,"","2900"
3,"379",0,176,"2901"
1,"379",0,176,"2902"
"","380",0,"","2903"
1,"380",0,176,"2904"
"","380",0,"","2905"
2,"380",0,170,"2906"
"","380",0,"","2907"
"","380",0,"","2908"
"","380",0,"","2909"
"","380",0,"","2910"
"","381",0,"","2911"
1,"381",0,176,"2912"
1,"381",0,177,"2913"
2,"381",0,169,"2914"
"","382",0,"","2915"
"","382",0,"","2916"
1,"382",0,175,"2917"
"","382",0,"","2918"
2,"383",0,178,"2919"
1,"383",0,176,"2920"
"","383",0,"","2921"
"","383",0,"","2922"
"","383",0,"","2923"
"","384",0,"","2924"
2,"384",0,176,"2925"
"","384",0,"","2926"
"","384",0,"","2927"
"","385",0,"","2928"
"","385",0,"","2929"
"","385",0,"","2930"
"","385",0,"","2931"
3,"386",0,180,"2932"
"","386",0,"","2933"
"","386",0,"","2934"
"","386",0,"","2935"
"","386",0,"","2936"
1,"386",0,177,"2937"
"","387",0,"","2938"
"","387",0,"","2939"
"","387",0,"","2940"
2,"387",0,175,"2941"
"","388",0,"","2942"
"","388",0,"","2943"
"","388",0,"","2944"
"","388",0,"","2945"
3,"389",0,180,"2946"
1,"389",0,178,"2947"
1,"389",0,176,"2948"
1,"390",0,176,"2949"
1,"390",0,175,"2950"
2,"390",0,175,"2951"
"","390",0,"","2952"
"","391",0,"","2953"
"","391",0,"","2954"
"","391",0,"","2955"
"","391",0,"","2956"
"","392",0,"","2957"
"","392",0,"","2958"
"","393",0,"","2959"
"","393",0,"","2960"
1,"394",0,177,"2961"
"","394",0,"","2962"
1,"394",0,177,"2963"
"","394",0,"","2964"
"","394",0,"","2965"
"","395",0,"","2966"
"","395",0,"","2967"
"","395",0,"","2968"
"","395",0,"","2969"
"","395",0,"","2970"
"","395",0,"","2971"
3,"395",0,170,"2972"
"","396",0,"","2973"
1,"396",0,176,"2974"
3,"396",0,175,"2975"
1,"396",0,178,"2976"
"","396",0,"","2977"
"","396",0,"","2978"
1,"397",0,177,"2979"
"","397",0,"","2980"
"","397",0,"","2981"
"","397",0,"","2982"
1,"398",0,175,"2983"
"","398",0,"","2984"
"","398",0,"","2985"
"","398",0,"","2986"
"","399",0,"","2987"
"","399",0,"","2988"
"","399",0,"","2989"
1,"399",0,169,"2990"
"","399",0,"","2991"
"","399",0,"","2992"
"","399",0,"","2993"
1,"400",0,178,"2994"
1,"400",0,178,"2995"
"","400",0,"","2996"
"","400",0,"","2997"
"","400",0,"","2998"
"","400",0,"","2999"
"","400",0,"","3000"
"","400",0,"","3001"
"","400",0,"","3002"
"","401",0,"","3003"
"","401",0,"","3004"
"","401",0,"","3005"
1,"401",0,170,"3006"
1,"401",0,200,"3007"
"","402",0,"","3008"
"","402",0,"","3009"
"","403",0,"","3010"
1,"403",0,175,"3011"
"","403",0,"","3012"
1,"404",0,175,"3013"
"","404",0,"","3014"
"","404",0,"","3015"
"","405",0,"","3016"
"","405",0,"","3017"
"","405",0,"","3018"
"","405",0,"","3019"
1,"405",0,180,"3020"
"","405",0,"","3021"
"","406",0,"","3022"
"","406",0,"","3023"
1,"406",0,177,"3024"
"","406",0,"","3025"
"","406",0,"","3026"
"","406",0,"","3027"
1,"407",0,178,"3028"
"","407",0,"","3029"
1,"407",0,176,"3030"
2,"407",0,177,"3031"
"","407",0,"","3032"
"","407",0,"","3033"
"","408",0,"","3034"
"","408",0,"","3035"
3,"408",0,175,"3036"
"","408",0,"","3037"
"","409",0,"","3038"
"","409",0,"","3039"
"","409",0,"","3040"
"","410",0,"","3041"
2,"410",0,175,"3042"
"","410",0,"","3043"
"","411",0,"","3044"
"","411",0,"","3045"
"","411",0,"","3046"
"","411",0,"","3047"
"","411",0,"","3048"
"","411",0,"","3049"
1,"411",0,175,"3050"
1,"412",0,176,"3051"
"","412",0,"","3052"
"","413",0,"","3053"
"","413",0,"","3054"
"","413",0,"","3055"
"","413",0,"","3056"
"","413",0,"","3057"
"","414",0,"","3058"
"","414",0,"","3059"
1,"414",0,177,"3060"
"","414",0,"","3061"
1,"414",0,170,"3062"
1,"415",0,175,"3063"
"","415",0,"","3064"
"","415",0,"","3065"
"","416",0,"","3066"
"","416",0,"","3067"
"","416",0,"","3068"
"","417",0,"","3069"
"","417",0,"","3070"
1,"417",0,178,"3071"
"","418",0,"","3072"
"","418",0,"","3073"
"","418",0,"","3074"
1,"419",0,177,"3075"
"","419",0,"","3076"
1,"419",0,180,"3077"
"","419",0,"","3078"
"","420",0,"","3079"
"","420",0,"","3080"
"","420",0,"","3081"
"","420",0,"","3082"
1,"420",0,177,"3083"
2,"422",0,180,"3084"
"","422",0,"","3085"
1,"422",0,176,"3086"
3,"422",0,177,"3087"
1,"422",0,178,"3088"
"","422",0,"","3089"
"","422",0,"","3090"
"","423",0,"","3091"
"","423",0,"","3092"
"","423",0,"","3093"
"","423",0,"","3094"
"","423",0,"","3095"
"","423",0,"","3096"
"","424",0,"","3097"
1,"424",0,176,"3098"
"","424",0,"","3099"
"","424",0,"","3100"
"","424",0,"","3101"
"","425",0,"","3102"
"","425",0,"","3103"
"","425",0,"","3104"
"","426",0,"","3105"
"","426",0,"","3106"
"","426",0,"","3107"
"","426",0,"","3108"
1,"426",0,176,"3109"
"","427",0,"","3110"
"","427",0,"","3111"
"","427",0,"","3112"
"","428",0,"","3113"
1,"428",0,176,"3114"
"","429",0,"","3115"
"","429",0,"","3116"
"","429",0,"","3117"
1,"429",0,176,"3118"
"","430",0,"","3119"
"","430",0,"","3120"
1,"430",0,177,"3121"
"","431",0,"","3122"
"","431",0,"","3123"
"","431",0,"","3124"
"","431",0,"","3125"
"","431",0,"","3126"
"","431",0,"","3127"
"","431",0,"","3128"
"","431",0,"","3129"
"","432",0,"","3130"
1,"432",0,170,"3131"
"","432",0,"","3132"
"","432",0,"","3133"
"","432",0,"","3134"
"","432",0,"","3135"
"","433",0,"","3136"
3,"433",0,169,"3137"
"","433",0,"","3138"
"","433",0,"","3139"
1,"433",0,176,"3140"
"","433",0,"","3141"
"","433",0,"","3142"
"","433",0,"","3143"
"","434",0,"","3144"
"","434",0,"","3145"
1,"434",0,175,"3146"
"","435",0,"","3147"
"","435",0,"","3148"
"","435",0,"","3149"
"","436",0,"","3150"
1,"436",0,180,"3151"
"","436",0,"","3152"
"","437",0,"","3153"
"","437",0,"","3154"
"","437",0,"","3155"
"","438",0,"","3156"
"","438",0,"","3157"
"","438",0,"","3158"
"","438",0,"","3159"
"","439",0,"","3160"
"","439",0,"","3161"
"","439",0,"","3162"
"","440",0,"","3163"
"","440",0,"","3164"
"","440",0,"","3165"
"","441",0,"","3166"
"","441",0,"","3167"
"","441",0,"","3168"
"","441",0,"","3169"
"","441",0,"","3170"
"","441",0,"","3171"
1,"441",0,177,"3172"
1,"442",0,176,"3173"
"","442",0,"","3174"
"","442",0,"","3175"
"","442",0,"","3176"
"","442",0,"","3177"
3,"442",0,177,"3178"
"","442",0,"","3179"
"","443",0,"","3180"
"","444",0,"","3181"
"","444",0,"","3182"
1,"444",0,175,"3183"
"","444",0,"","3184"
"","445",0,"","3185"
"","445",0,"","3186"
"","445",0,"","3187"
"","446",0,"","3188"
"","446",0,"","3189"
"","446",0,"","3190"
1,"446",0,176,"3191"
2,"446",0,175,"3192"
"","447",0,"","3193"
1,"447",0,176,"3194"
"","448",0,"","3195"
"","448",0,"","3196"
"","448",0,"","3197"
"","448",0,"","3198"
"","448",0,"","3199"
"","448",0,"","3200"
"","448",0,"","3201"
"","449",0,"","3202"
"","449",0,"","3203"
"","449",0,"","3204"
"","449",0,"","3205"
"","449",0,"","3206"
"","450",0,"","3207"
"","450",0,"","3208"
"","450",0,"","3209"
1,"450",0,175,"3210"
1,"450",0,169,"3211"
"","451",0,"","3212"
"","451",0,"","3213"
"","451",0,"","3214"
"","452",0,"","3215"
"","452",0,"","3216"
"","452",0,"","3217"
"","452",0,"","3218"
"","452",0,"","3219"
"","452",0,"","3220"
"","452",0,"","3221"
"","453",0,"","3222"
"","453",0,"","3223"
"","453",0,"","3224"
"","454",0,"","3225"
"","454",0,"","3226"
"","455",0,"","3227"
"","455",0,"","3228"
"","455",0,"","3229"
1,"455",0,178,"3230"
"","455",0,"","3231"
"","455",0,"","3232"
"","456",0,"","3233"
"","456",0,"","3234"
"","456",0,"","3235"
1,"457",0,177,"3236"
1,"457",0,177,"3237"
"","457",0,"","3238"
1,"458",0,177,"3239"
1,"458",0,178,"3240"
"","458",0,"","3241"
"","458",0,"","3242"
"","459",0,"","3243"
"","459",0,"","3244"
"","459",0,"","3245"
"","459",0,"","3246"
"","460",0,"","3247"
"","460",0,"","3248"
"","460",0,"","3249"
"","460",0,"","3250"
"","461",0,"","3251"
"","461",0,"","3252"
"","461",0,"","3253"
"","462",0,"","3254"
"","462",0,"","3255"
"","462",0,"","3256"
"","462",0,"","3257"
"","462",0,"","3258"
"","462",0,"","3259"
"","463",0,"","3260"
3,"463",0,177,"3261"
"","464",0,"","3262"
"","464",0,"","3263"
"","464",0,"","3264"
"","464",0,"","3265"
"","464",0,"","3266"
"","464",0,"","3267"
"","464",0,"","3268"
1,"465",0,180,"3269"
1,"465",0,169,"3270"
"","465",0,"","3271"
"","465",0,"","3272"
"","465",0,"","3273"
"","465",0,"","3274"
"","466",0,"","3275"
"","466",0,"","3276"
"","466",0,"","3277"
"","466",0,"","3278"
1,"466",0,176,"3279"
"","467",0,"","3280"
"","467",0,"","3281"
"","467",0,"","3282"
"","467",0,"","3283"
"","467",0,"","3284"
"","467",0,"","3285"
"","467",0,"","3286"
"","468",0,"","3287"
"","468",0,"","3288"
1,"468",0,178,"3289"
"","468",0,"","3290"
"","468",0,"","3291"
"","469",0,"","3292"
"","469",0,"","3293"
"","469",0,"","3294"
"","469",0,"","3295"
"","469",0,"","3296"
"","469",0,"","3297"
"","471",0,"","3298"
"","471",0,"","3299"
"","471",0,"","3300"
"","472",0,"","3301"
1,"472",0,169,"3302"
"","472",0,"","3303"
"","473",0,"","3304"
"","473",0,"","3305"
"","474",0,"","3306"
"","474",0,"","3307"
"","474",0,"","3308"
"","474",0,"","3309"
"","474",0,"","3310"
"","474",0,"","3311"
"","474",0,"","3312"
"","475",0,"","3313"
"","475",0,"","3314"
"","475",0,"","3315"
"","476",0,"","3316"
"","477",0,"","3317"
"","477",0,"","3318"
1,"478",0,179,"3319"
"","478",0,"","3320"
"","478",0,"","3321"
1,"478",0,175,"3322"
"","478",0,"","3323"
"","478",0,"","3324"
"","479",0,"","3325"
"","479",0,"","3326"
"","479",0,"","3327"
"","480",0,"","3328"
"","480",0,"","3329"
"","480",0,"","3330"
"","480",0,"","3331"
"","480",0,"","3332"
"","480",0,"","3333"
"","480",0,"","3334"
1,"481",0,177,"3335"
"","481",0,"","3336"
"","481",0,"","3337"
"","481",0,"","3338"
"","482",0,"","3339"
"","482",0,"","3340"
"","482",0,"","3341"
"","483",0,"","3342"
"","483",0,"","3343"
"","484",0,"","3344"
"","484",0,"","3345"
"","484",0,"","3346"
"","484",0,"","3347"
"","485",0,"","3348"
"","485",0,"","3349"
1,"485",0,176,"3350"
1,"485",0,177,"3351"
"","485",0,"","3352"
1,"485",0,176,"3353"
"","485",0,"","3354"
1,"485",0,177,"3355"
"","486",0,"","3356"
"","486",0,"","3357"
"","487",0,"","3358"
"","487",0,"","3359"
"","487",0,"","3360"
"","487",0,"","3361"
"","487",0,"","3362"
"","487",0,"","3363"
"","487",0,"","3364"
1,"487",0,175,"3365"
1,"488",0,179,"3366"
"","488",0,"","3367"
"","488",0,"","3368"
"","488",0,"","3369"
"","489",0,"","3370"
"","489",0,"","3371"
"","490",0,"","3372"
"","490",0,"","3373"
"","490",0,"","3374"
1,"490",0,176,"3375"
"","491",0,"","3376"
"","491",0,"","3377"
"","491",0,"","3378"
"","491",0,"","3379"
"","492",0,"","3380"
"","492",0,"","3381"
"","492",0,"","3382"
"","492",0,"","3383"
"","492",0,"","3384"
"","492",0,"","3385"
"","493",0,"","3386"
"","493",0,"","3387"
"","493",0,"","3388"
"","494",0,"","3389"
"","494",0,"","3390"
"","495",0,"","3391"
"","495",0,"","3392"
"","495",0,"","3393"
"","497",0,"","3394"
"","497",0,"","3395"
"","497",0,"","3396"
"","497",0,"","3397"
"","497",0,"","3398"
"","497",0,"","3399"
"","498",0,"","3400"
"","498",0,"","3401"
"","499",0,"","3402"
"","499",0,"","3403"
"","499",0,"","3404"
"","499",0,"","3405"
"","499",0,"","3406"
"","499",0,"","3407"
"","500",0,"","3408"
"","500",0,"","3409"
"","501",0,"","3410"
"","501",0,"","3411"
"","501",0,"","3412"
1,"501",0,177,"3413"
"","501",0,"","3414"
"","501",0,"","3415"
"","501",0,"","3416"
"","502",0,"","3417"
1,"502",0,175,"3418"
"","502",0,"","3419"
"","502",0,"","3420"
"","502",0,"","3421"
"","502",0,"","3422"
"","502",0,"","3423"
"","503",0,"","3424"
"","503",0,"","3425"
"","503",0,"","3426"
"","503",0,"","3427"
"","504",0,"","3428"
"","504",0,"","3429"
"","504",0,"","3430"
1,"504",0,176,"3431"
"","504",0,"","3432"
"","504",0,"","3433"
"","504",0,"","3434"
"","505",0,"","3435"
"","505",0,"","3436"
"","505",0,"","3437"
"","505",0,"","3438"
"","506",0,"","3439"
"","506",0,"","3440"
1,"506",0,176,"3441"
"","506",0,"","3442"
"","506",0,"","3443"
"","506",0,"","3444"
"","507",0,"","3445"
"","507",0,"","3446"
"","507",0,"","3447"
"","507",0,"","3448"
1,"507",0,176,"3449"
1,"507",0,177,"3450"
"","508",0,"","3451"
"","508",0,"","3452"
"","509",0,"","3453"
"","509",0,"","3454"
"","509",0,"","3455"
"","509",0,"","3456"
"","509",0,"","3457"
"","509",0,"","3458"
"","510",0,"","3459"
"","510",0,"","3460"
"","510",0,"","3461"
"","510",0,"","3462"
"","510",0,"","3463"
"","511",0,"","3464"
"","511",0,"","3465"
"","511",0,"","3466"
"","511",0,"","3467"
"","511",0,"","3468"
"","511",0,"","3469"
"","512",0,"","3470"
1,"512",0,175,"3471"
"","512",0,"","3472"
"","513",0,"","3473"
"","513",0,"","3474"
"","513",0,"","3475"
"","513",0,"","3476"
"","514",0,"","3477"
"","514",0,"","3478"
"","514",0,"","3479"
1,"514",0,175,"3480"
"","515",0,"","3481"
"","515",0,"","3482"
1,"516",0,179,"3483"
"","516",0,"","3484"
"","516",0,"","3485"
"","517",0,"","3486"
"","518",0,"","3487"
"","518",0,"","3488"
"","518",0,"","3489"
"","519",0,"","3490"
"","519",0,"","3491"
"","519",0,"","3492"
"","519",0,"","3493"
"","519",0,"","3494"
"","520",0,"","3495"
"","520",0,"","3496"
"","520",0,"","3497"
"","520",0,"","3498"
"","520",0,"","3499"
"","520",0,"","3500"
1,"520",0,175,"3501"
"","520",0,"","3502"
"","520",0,"","3503"
"","521",0,"","3504"
1,"521",0,175,"3505"
"","521",0,"","3506"
"","521",0,"","3507"
"","522",0,"","3508"
"","522",0,"","3509"
"","522",0,"","3510"
"","522",0,"","3511"
"","523",0,"","3512"
"","523",0,"","3513"
"","523",0,"","3514"
"","523",0,"","3515"
"","523",0,"","3516"
"","523",0,"","3517"
"","523",0,"","3518"
"","524",0,"","3519"
"","524",0,"","3520"
"","524",0,"","3521"
"","524",0,"","3522"
"","525",0,"","3523"
"","525",0,"","3524"
"","525",0,"","3525"
"","525",0,"","3526"
"","525",0,"","3527"
"","525",0,"","3528"
"","526",0,"","3529"
"","526",0,"","3530"
"","526",0,"","3531"
1,"527",0,179,"3532"
"","528",0,"","3533"
"","530",0,"","3534"
"","530",0,"","3535"
"","531",0,"","3536"
"","531",0,"","3537"
"","531",0,"","3538"
"","531",0,"","3539"
"","531",0,"","3540"
"","532",0,"","3541"
"","532",0,"","3542"
"","533",0,"","3543"
"","533",0,"","3544"
1,"533",0,177,"3545"
"","533",0,"","3546"
"","533",0,"","3547"
"","534",0,"","3548"
"","534",0,"","3549"
"","535",0,"","3550"
"","535",0,"","3551"
"","535",0,"","3552"
"","535",0,"","3553"
"","535",0,"","3554"
"","535",0,"","3555"
"","536",0,"","3556"
"","536",0,"","3557"
"","536",0,"","3558"
"","536",0,"","3559"
"","536",0,"","3560"
"","536",0,"","3561"
"","537",0,"","3562"
"","537",0,"","3563"
"","537",0,"","3564"
"","537",0,"","3565"
"","537",0,"","3566"
"","537",0,"","3567"
"","537",0,"","3568"
"","538",0,"","3569"
"","538",0,"","3570"
"","538",0,"","3571"
"","538",0,"","3572"
"","538",0,"","3573"
"","538",0,"","3574"
"","538",0,"","3575"
"","538",0,"","3576"
"","539",0,"","3577"
"","539",0,"","3578"
"","539",0,"","3579"
"","539",0,"","3580"
"","539",0,"","3581"
"","540",0,"","3582"
"","540",0,"","3583"
"","540",0,"","3584"
"","540",0,"","3585"
"","540",0,"","3586"
"","540",0,"","3587"
"","540",0,"","3588"
"","541",0,"","3589"
"","541",0,"","3590"
"","541",0,"","3591"
"","541",0,"","3592"
"","541",0,"","3593"
"","541",0,"","3594"
"","542",0,"","3595"
"","542",0,"","3596"
"","542",0,"","3597"
"","542",0,"","3598"
"","542",0,"","3599"
"","543",0,"","3600"
"","543",0,"","3601"
"","543",0,"","3602"
"","543",0,"","3603"
"","543",0,"","3604"
"","543",0,"","3605"
"","543",0,"","3606"
1,"544",0,170,"3607"
"","545",0,"","3608"
"","545",0,"","3609"
1,"545",0,175,"3610"
"","545",0,"","3611"
"","546",0,"","3612"
"","546",0,"","3613"
1,"546",0,177,"3614"
"","547",0,"","3615"
"","547",0,"","3616"
"","547",0,"","3617"
1,"547",0,178,"3618"
"","548",0,"","3619"
"","548",0,"","3620"
"","548",0,"","3621"
"","548",0,"","3622"
"","548",0,"","3623"
"","549",0,"","3624"
"","549",0,"","3625"
"","549",0,"","3626"
"","549",0,"","3627"
"","549",0,"","3628"
"","550",0,"","3629"
"","550",0,"","3630"
"","550",0,"","3631"
"","550",0,"","3632"
"","551",0,"","3633"
"","551",0,"","3634"
"","551",0,"","3635"
"","551",0,"","3636"
"","551",0,"","3637"
1,"551",0,176,"3638"
"","552",0,"","3639"
"","552",0,"","3640"
"","552",0,"","3641"
"","552",0,"","3642"
"","552",0,"","3643"
"","552",0,"","3644"
1,"552",0,178,"3645"
"","553",0,"","3646"
"","553",0,"","3647"
"","554",0,"","3648"
"","555",0,"","3649"
"","555",0,"","3650"
"","555",0,"","3651"
"","555",0,"","3652"
"","555",0,"","3653"
1,"556",0,200,"3654"
"","556",0,"","3655"
"","556",0,"","3656"
"","556",0,"","3657"
"","556",0,"","3658"
"","557",0,"","3659"
1,"557",0,176,"3660"
"","558",0,"","3661"
"","558",0,"","3662"
"","558",0,"","3663"
"","559",0,"","3664"
"","559",0,"","3665"
1,"559",0,200,"3666"
1,"559",0,175,"3667"
"","560",0,"","3668"
"","560",0,"","3669"
"","560",0,"","3670"
"","561",0,"","3671"
"","561",0,"","3672"
"","561",0,"","3673"
"","561",0,"","3674"
"","562",0,"","3675"
"","562",0,"","3676"
"","562",0,"","3677"
"","563",0,"","3678"
"","563",0,"","3679"
"","563",0,"","3680"
"","564",0,"","3681"
"","564",0,"","3682"
"","564",0,"","3683"
"","564",0,"","3684"
"","564",0,"","3685"
"","565",0,"","3686"
"","565",0,"","3687"
"","566",0,"","3688"
"","566",0,"","3689"
"","566",0,"","3690"
"","567",0,"","3691"
"","567",0,"","3692"
"","567",0,"","3693"
"","567",0,"","3694"
"","568",0,"","3695"
"","568",0,"","3696"
"","568",0,"","3697"
"","568",0,"","3698"
"","569",0,"","3699"
"","569",0,"","3700"
"","570",0,"","3701"
"","570",0,"","3702"
"","570",0,"","3703"
"","570",0,"","3704"
"","571",0,"","3705"
"","571",0,"","3706"
"","571",0,"","3707"
"","571",0,"","3708"
"","572",0,"","3709"
"","573",0,"","3710"
"","573",0,"","3711"
"","573",0,"","3712"
"","573",0,"","3713"
"","573",0,"","3714"
"","573",0,"","3715"
"","573",0,"","3716"
"","574",0,"","3717"
"","574",0,"","3718"
"","574",0,"","3719"
"","574",0,"","3720"
"","574",0,"","3721"
"","574",0,"","3722"
1,"575",0,177,"3723"
"","575",0,"","3724"
"","575",0,"","3725"
"","575",0,"","3726"
"","575",0,"","3727"
"","575",0,"","3728"
"","576",0,"","3729"
"","576",0,"","3730"
"","576",0,"","3731"
"","576",0,"","3732"
"","576",0,"","3733"
"","576",0,"","3734"
"","577",0,"","3735"
"","577",0,"","3736"
"","577",0,"","3737"
"","577",0,"","3738"
"","577",0,"","3739"
"","578",0,"","3740"
"","578",0,"","3741"
"","578",0,"","3742"
"","578",0,"","3743"
"","579",0,"","3744"
"","579",0,"","3745"
"","579",0,"","3746"
"","579",0,"","3747"
"","580",0,"","3748"
"","580",0,"","3749"
1,"580",0,178,"3750"
"","580",0,"","3751"
"","580",0,"","3752"
"","580",0,"","3753"
"","580",0,"","3754"
"","580",0,"","3755"
"","581",0,"","3756"
"","581",0,"","3757"
"","581",0,"","3758"
"","581",0,"","3759"
"","581",0,"","3760"
"","581",0,"","3761"
"","581",0,"","3762"
"","581",0,"","3763"
"","582",0,"","3764"
"","582",0,"","3765"
"","582",0,"","3766"
"","583",0,"","3767"
"","583",0,"","3768"
"","583",0,"","3769"
"","583",0,"","3770"
"","584",0,"","3771"
"","585",0,"","3772"
"","585",0,"","3773"
"","586",0,"","3774"
"","586",0,"","3775"
"","586",0,"","3776"
"","587",0,"","3777"
"","587",0,"","3778"
"","587",0,"","3779"
1,"587",0,178,"3780"
"","587",0,"","3781"
"","588",0,"","3782"
"","588",0,"","3783"
"","588",0,"","3784"
"","588",0,"","3785"
"","588",0,"","3786"
"","589",0,"","3787"
"","589",0,"","3788"
"","590",0,"","3789"
"","591",0,"","3790"
"","591",0,"","3791"
"","591",0,"","3792"
"","591",0,"","3793"
"","591",0,"","3794"
"","591",0,"","3795"
"","591",0,"","3796"
"","592",0,"","3797"
"","592",0,"","3798"
"","593",0,"","3799"
"","593",0,"","3800"
"","593",0,"","3801"
"","593",0,"","3802"
"","593",0,"","3803"
"","594",0,"","3804"
"","594",0,"","3805"
"","594",0,"","3806"
"","596",0,"","3807"
"","596",0,"","3808"
"","596",0,"","3809"
"","597",0,"","3810"
1,"597",0,178,"3811"
"","598",0,"","3812"
"","598",0,"","3813"
"","598",0,"","3814"
"","598",0,"","3815"
"","598",0,"","3816"
"","599",0,"","3817"
"","599",0,"","3818"
"","599",0,"","3819"
"","599",0,"","3820"
"","600",0,"","3821"
"","600",0,"","3822"
"","600",0,"","3823"
"","601",0,"","3824"
"","601",0,"","3825"
"","601",0,"","3826"
"","601",0,"","3827"
"","602",0,"","3828"
"","602",0,"","3829"
"","603",0,"","3830"
1,"603",0,176,"3831"
"","603",0,"","3832"
"","603",0,"","3833"
"","604",0,"","3834"
"","604",0,"","3835"
"","604",0,"","3836"
"","605",0,"","3837"
"","605",0,"","3838"
"","605",0,"","3839"
"","606",0,"","3840"
"","606",0,"","3841"
"","606",0,"","3842"
"","606",0,"","3843"
"","607",0,"","3844"
"","607",0,"","3845"
"","607",0,"","3846"
"","607",0,"","3847"
"","608",0,"","3848"
"","608",0,"","3849"
"","608",0,"","3850"
"","608",0,"","3851"
"","608",0,"","3852"
"","609",0,"","3853"
"","609",0,"","3854"
"","609",0,"","3855"
"","609",0,"","3856"
"","609",0,"","3857"
"","609",0,"","3858"
"","609",0,"","3859"
"","610",0,"","3860"
"","610",0,"","3861"
"","610",0,"","3862"
"","610",0,"","3863"
"","610",0,"","3864"
"","611",0,"","3865"
"","611",0,"","3866"
"","611",0,"","3867"
"","611",0,"","3868"
"","611",0,"","3869"
"","612",0,"","3870"
"","612",0,"","3871"
"","613",0,"","3872"
"","613",0,"","3873"
"","613",0,"","3874"
"","613",0,"","3875"
"","613",0,"","3876"
"","614",0,"","3877"
"","614",0,"","3878"
"","615",0,"","3879"
"","615",0,"","3880"
"","615",0,"","3881"
"","615",0,"","3882"
"","615",0,"","3883"
"","615",0,"","3884"
"","615",0,"","3885"
"","616",0,"","3886"
"","616",0,"","3887"
"","616",0,"","3888"
"","616",0,"","3889"
"","616",0,"","3890"
"","617",0,"","3891"
"","617",0,"","3892"
"","618",0,"","3893"
"","618",0,"","3894"
"","618",0,"","3895"
"","618",0,"","3896"
"","618",0,"","3897"
"","619",0,"","3898"
"","619",0,"","3899"
"","619",0,"","3900"
"","619",0,"","3901"
"","619",0,"","3902"
"","619",0,"","3903"
"","620",0,"","3904"
"","620",0,"","3905"
1,"620",0,200,"3906"
"","620",0,"","3907"
"","620",0,"","3908"
"","621",0,"","3909"
"","621",0,"","3910"
"","621",0,"","3911"
"","621",0,"","3912"
"","621",0,"","3913"
"","622",0,"","3914"
"","622",0,"","3915"
"","622",0,"","3916"
"","623",0,"","3917"
"","623",0,"","3918"
"","623",0,"","3919"
"","623",0,"","3920"
"","623",0,"","3921"
"","623",0,"","3922"
"","623",0,"","3923"
"","623",0,"","3924"
"","624",0,"","3925"
"","624",0,"","3926"
"","624",0,"","3927"
"","624",0,"","3928"
"","625",0,"","3929"
"","625",0,"","3930"
"","626",0,"","3931"
"","626",0,"","3932"
"","626",0,"","3933"
"","626",0,"","3934"
"","626",0,"","3935"
"","627",0,"","3936"
"","627",0,"","3937"
"","627",0,"","3938"
1,"627",0,177,"3939"
"","627",0,"","3940"
"","627",0,"","3941"
"","628",0,"","3942"
"","629",0,"","3943"
"","629",0,"","3944"
"","629",0,"","3945"
"","629",0,"","3946"
"","629",0,"","3947"
"","630",0,"","3948"
"","630",0,"","3949"
1,"630",0,179,"3950"
"","630",0,"","3951"
"","630",0,"","3952"
"","630",0,"","3953"
"","630",0,"","3954"
"","631",0,"","3955"
"","631",0,"","3956"
"","632",0,"","3957"
"","632",0,"","3958"
"","632",0,"","3959"
"","633",0,"","3960"
"","633",0,"","3961"
"","633",0,"","3962"
"","633",0,"","3963"
"","633",0,"","3964"
"","633",0,"","3965"
"","633",0,"","3966"
"","634",0,"","3967"
"","634",0,"","3968"
"","634",0,"","3969"
"","634",0,"","3970"
"","634",0,"","3971"
"","635",0,"","3972"
"","636",0,"","3973"
"","636",0,"","3974"
"","636",0,"","3975"
"","636",0,"","3976"
"","636",0,"","3977"
"","636",0,"","3978"
"","637",0,"","3979"
"","637",0,"","3980"
"","637",0,"","3981"
"","637",0,"","3982"
"","639",0,"","3983"
"","639",0,"","3984"
"","639",0,"","3985"
"","639",0,"","3986"
"","639",0,"","3987"
"","639",0,"","3988"
"","640",0,"","3989"
"","640",0,"","3990"
"","640",0,"","3991"
"","640",0,"","3992"
"","641",0,"","3993"
"","641",0,"","3994"
"","641",0,"","3995"
"","641",0,"","3996"
"","641",0,"","3997"
"","641",0,"","3998"
"","641",0,"","3999"
"","641",0,"","4000"
"","642",0,"","4001"
"","642",0,"","4002"
"","642",0,"","4003"
"","642",0,"","4004"
"","642",0,"","4005"
"","642",0,"","4006"
"","643",0,"","4007"
"","644",0,"","4008"
"","644",0,"","4009"
"","644",0,"","4010"
"","644",0,"","4011"
"","644",0,"","4012"
"","644",0,"","4013"
"","645",0,"","4014"
"","645",0,"","4015"
"","645",0,"","4016"
"","645",0,"","4017"
"","645",0,"","4018"
"","645",0,"","4019"
"","645",0,"","4020"
"","645",0,"","4021"
"","646",0,"","4022"
"","646",0,"","4023"
"","646",0,"","4024"
"","646",0,"","4025"
"","646",0,"","4026"
"","646",0,"","4027"
"","646",0,"","4028"
"","647",0,"","4029"
"","647",0,"","4030"
"","647",0,"","4031"
"","647",0,"","4032"
"","647",0,"","4033"
"","647",0,"","4034"
"","648",0,"","4035"
"","648",0,"","4036"
"","648",0,"","4037"
"","648",0,"","4038"
"","648",0,"","4039"
"","648",0,"","4040"
"","648",0,"","4041"
"","649",0,"","4042"
"","649",0,"","4043"
"","649",0,"","4044"
"","650",0,"","4045"
"","650",0,"","4046"
"","650",0,"","4047"
"","650",0,"","4048"
"","651",0,"","4049"
"","651",0,"","4050"
"","651",0,"","4051"
"","651",0,"","4052"
"","651",0,"","4053"
"","652",0,"","4054"
"","653",0,"","4055"
"","653",0,"","4056"
"","653",0,"","4057"
"","653",0,"","4058"
"","653",0,"","4059"
"","654",0,"","4060"
"","654",0,"","4061"
"","654",0,"","4062"
"","654",0,"","4063"
"","654",0,"","4064"
"","654",0,"","4065"
"","654",0,"","4066"
"","655",0,"","4067"
"","655",0,"","4068"
"","655",0,"","4069"
"","655",0,"","4070"
"","655",0,"","4071"
"","656",0,"","4072"
"","656",0,"","4073"
"","656",0,"","4074"
"","656",0,"","4075"
"","657",0,"","4076"
"","657",0,"","4077"
"","657",0,"","4078"
"","657",0,"","4079"
"","657",0,"","4080"
"","657",0,"","4081"
"","657",0,"","4082"
"","658",0,"","4083"
"","658",0,"","4084"
"","658",0,"","4085"
"","658",0,"","4086"
"","659",0,"","4087"
"","659",0,"","4088"
"","660",0,"","4089"
"","660",0,"","4090"
"","660",0,"","4091"
"","660",0,"","4092"
"","661",0,"","4093"
"","661",0,"","4094"
"","661",0,"","4095"
"","661",0,"","4096"
"","661",0,"","4097"
1,"662",0,178,"4098"
"","662",0,"","4099"
"","662",0,"","4100"
"","662",0,"","4101"
"","662",0,"","4102"
"","662",0,"","4103"
"","662",0,"","4104"
"","663",0,"","4105"
"","663",0,"","4106"
"","663",0,"","4107"
"","663",0,"","4108"
"","663",0,"","4109"
"","663",0,"","4110"
"","664",0,"","4111"
"","664",0,"","4112"
"","664",0,"","4113"
"","664",0,"","4114"
"","664",0,"","4115"
"","664",0,"","4116"
"","664",0,"","4117"
"","665",0,"","4118"
"","665",0,"","4119"
"","665",0,"","4120"
"","666",0,"","4121"
"","666",0,"","4122"
"","666",0,"","4123"
"","666",0,"","4124"
"","666",0,"","4125"
"","666",0,"","4126"
"","666",0,"","4127"
"","667",0,"","4128"
"","667",0,"","4129"
"","668",0,"","4130"
"","668",0,"","4131"
"","668",0,"","4132"
"","668",0,"","4133"
"","669",0,"","4134"
"","669",0,"","4135"
"","669",0,"","4136"
"","669",0,"","4137"
"","670",0,"","4138"
"","670",0,"","4139"
"","670",0,"","4140"
"","670",0,"","4141"
"","670",0,"","4142"
"","670",0,"","4143"
"","671",0,"","4144"
"","672",0,"","4145"
"","673",0,"","4146"
"","673",0,"","4147"
"","673",0,"","4148"
"","673",0,"","4149"
"","673",0,"","4150"
"","673",0,"","4151"
"","673",0,"","4152"
"","674",0,"","4153"
"","674",0,"","4154"
"","674",0,"","4155"
"","674",0,"","4156"
"","675",0,"","4157"
"","676",0,"","4158"
"","676",0,"","4159"
"","676",0,"","4160"
"","676",0,"","4161"
"","676",0,"","4162"
"","676",0,"","4163"
"","677",0,"","4164"
"","678",0,"","4165"
"","678",0,"","4166"
"","678",0,"","4167"
"","678",0,"","4168"
"","679",0,"","4169"
"","679",0,"","4170"
"","679",0,"","4171"
"","679",0,"","4172"
"","679",0,"","4173"
"","679",0,"","4174"
"","679",0,"","4175"
"","680",0,"","4176"
"","680",0,"","4177"
"","680",0,"","4178"
"","680",0,"","4179"
"","680",0,"","4180"
"","680",0,"","4181"
"","680",0,"","4182"
"","681",0,"","4183"
"","681",0,"","4184"
"","681",0,"","4185"
"","681",0,"","4186"
"","681",0,"","4187"
"","681",0,"","4188"
"","682",0,"","4189"
"","682",0,"","4190"
"","682",0,"","4191"
1,"682",0,178,"4192"
"","682",0,"","4193"
"","682",0,"","4194"
"","682",0,"","4195"
"","682",0,"","4196"
"","683",0,"","4197"
"","683",0,"","4198"
"","683",0,"","4199"
"","683",0,"","4200"
"","684",0,"","4201"
"","684",0,"","4202"
"","684",0,"","4203"
"","684",0,"","4204"
"","684",0,"","4205"
"","684",0,"","4206"
"","684",0,"","4207"
"","684",0,"","4208"
"","684",0,"","4209"
"","685",0,"","4210"
"","685",0,"","4211"
"","685",0,"","4212"
"","685",0,"","4213"
"","685",0,"","4214"
"","685",0,"","4215"
"","686",0,"","4216"
"","687",0,"","4217"
"","687",0,"","4218"
"","687",0,"","4219"
"","687",0,"","4220"
"","687",0,"","4221"
"","688",0,"","4222"
"","688",0,"","4223"
"","688",0,"","4224"
"","688",0,"","4225"
"","689",0,"","4226"
"","689",0,"","4227"
"","690",0,"","4228"
"","690",0,"","4229"
"","690",0,"","4230"
"","690",0,"","4231"
"","690",0,"","4232"
"","690",0,"","4233"
"","690",0,"","4234"
"","691",0,"","4235"
"","691",0,"","4236"
"","691",0,"","4237"
"","691",0,"","4238"
1,"691",0,177,"4239"
"","691",0,"","4240"
"","692",0,"","4241"
"","692",0,"","4242"
"","692",0,"","4243"
"","692",0,"","4244"
1,"693",0,179,"4245"
"","693",0,"","4246"
"","694",0,"","4247"
"","694",0,"","4248"
"","694",0,"","4249"
"","695",0,"","4250"
"","696",0,"","4251"
"","696",0,"","4252"
"","696",0,"","4253"
"","697",0,"","4254"
"","697",0,"","4255"
"","697",0,"","4256"
"","697",0,"","4257"
"","697",0,"","4258"
"","697",0,"","4259"
"","698",0,"","4260"
"","698",0,"","4261"
"","698",0,"","4262"
"","698",0,"","4263"
"","698",0,"","4264"
"","698",0,"","4265"
"","698",0,"","4266"
"","698",0,"","4267"
"","699",0,"","4268"
"","699",0,"","4269"
"","699",0,"","4270"
"","699",0,"","4271"
"","700",0,"","4272"
"","700",0,"","4273"
"","700",0,"","4274"
"","701",0,"","4275"
"","701",0,"","4276"
"","701",0,"","4277"
"","701",0,"","4278"
"","701",0,"","4279"
"","701",0,"","4280"
"","701",0,"","4281"
"","701",0,"","4282"
"","702",0,"","4283"
"","702",0,"","4284"
"","702",0,"","4285"
"","702",0,"","4286"
"","703",0,"","4287"
"","703",0,"","4288"
"","703",0,"","4289"
"","703",0,"","4290"
"","703",0,"","4291"
"","703",0,"","4292"
"","703",0,"","4293"
"","703",0,"","4294"
"","704",0,"","4295"
"","704",0,"","4296"
"","704",0,"","4297"
"","704",0,"","4298"
"","705",0,"","4299"
"","706",0,"","4300"
"","706",0,"","4301"
"","706",0,"","4302"
"","706",0,"","4303"
"","707",0,"","4304"
"","707",0,"","4305"
"","707",0,"","4306"
"","707",0,"","4307"
"","708",0,"","4308"
"","708",0,"","4309"
"","708",0,"","4310"
"","708",0,"","4311"
"","708",0,"","4312"
"","709",0,"","4313"
"","709",0,"","4314"
"","709",0,"","4315"
"","709",0,"","4316"
"","709",0,"","4317"
"","709",0,"","4318"
"","709",0,"","4319"
"","710",0,"","4320"
"","710",0,"","4321"
"","711",0,"","4322"
"","711",0,"","4323"
"","711",0,"","4324"
"","711",0,"","4325"
"","712",0,"","4326"
"","713",0,"","4327"
"","713",0,"","4328"
"","713",0,"","4329"
"","713",0,"","4330"
"","713",0,"","4331"
"","713",0,"","4332"
"","713",0,"","4333"
"","713",0,"","4334"
"","714",0,"","4335"
"","714",0,"","4336"
"","714",0,"","4337"
"","714",0,"","4338"
"","714",0,"","4339"
"","715",0,"","4340"
"","715",0,"","4341"
"","715",0,"","4342"
"","715",0,"","4343"
"","715",0,"","4344"
"","715",0,"","4345"
"","715",0,"","4346"
"","715",0,"","4347"
"","715",0,"","4348"
"","715",0,"","4349"
"","716",0,"","4350"
"","716",0,"","4351"
"","716",0,"","4352"
"","716",0,"","4353"
"","716",0,"","4354"
"","717",0,"","4355"
"","717",0,"","4356"
"","717",0,"","4357"
"","717",0,"","4358"
"","718",0,"","4359"
"","718",0,"","4360"
"","718",0,"","4361"
"","719",0,"","4362"
"","719",0,"","4363"
"","719",0,"","4364"
"","719",0,"","4365"
"","722",0,"","4366"
"","723",0,"","4367"
"","724",0,"","4368"
"","725",0,"","4369"
"","725",0,"","4370"
"","726",0,"","4371"
"","726",0,"","4372"
"","728",0,"","4373"
"","730",0,"","4374"
"","731",0,"","4375"
"","734",0,"","4376"
"","735",0,"","4377"
"","736",0,"","4378"
"","737",0,"","4379"
"","739",0,"","4380"
"","740",0,"","4381"
"","742",0,"","4382"
"","745",0,"","4383"
"","746",0,"","4384"
"","748",0,"","4385"
"","748",0,"","4386"
"","749",0,"","4387"
"","749",0,"","4388"
"","750",0,"","4389"
"","750",0,"","4390"
"","751",0,"","4391"
"","752",0,"","4392"
"","753",0,"","4393"
"","754",0,"","4394"
"","755",0,"","4395"
"","756",0,"","4396"
"","756",0,"","4397"
"","756",0,"","4398"
"","757",0,"","4399"
"","758",0,"","4400"
"","758",0,"","4401"
"","760",0,"","4402"
"","761",0,"","4403"
"","762",0,"","4404"
"","764",0,"","4405"
"","764",0,"","4406"
"","764",0,"","4407"
"","766",0,"","4408"
"","767",0,"","4409"
"","768",0,"","4410"
"","770",0,"","4411"
"","771",0,"","4412"
"","772",0,"","4413"
"","774",0,"","4414"
"","775",0,"","4415"
"","777",0,"","4416"
"","778",0,"","4417"
"","782",0,"","4418"
"","783",0,"","4419"
"","791",0,"","4420"
"","792",0,"","4421"
"","792",0,"","4422"
"","794",0,"","4423"
"","794",0,"","4424"
"","796",0,"","4425"
"","796",0,"","4426"
"","796",0,"","4427"
"","799",0,"","4428"
"","800",0,"","4429"
"","804",0,"","4430"
"","804",0,"","4431"
"","806",0,"","4432"
"","807",0,"","4433"
"","809",0,"","4434"
"","810",0,"","4435"
"","810",0,"","4436"
"","811",0,"","4437"
"","812",0,"","4438"
"","812",0,"","4439"
"","813",0,"","4440"
"","814",0,"","4441"
"","816",0,"","4442"
"","817",0,"","4443"
"","819",0,"","4444"
"","820",0,"","4445"
"","823",0,"","4446"
"","825",0,"","4447"
"","825",0,"","4448"
"","826",0,"","4449"
"","827",0,"","4450"
"","829",0,"","4451"
"","832",0,"","4452"
"","832",0,"","4453"
"","837",0,"","4454"
"","837",0,"","4455"
"","839",0,"","4456"
"","840",0,"","4457"
"","843",0,"","4458"
"","845",0,"","4459"
"","848",0,"","4460"
"","848",0,"","4461"
"","849",0,"","4462"
"","850",0,"","4463"
"","851",0,"","4464"
"","851",0,"","4465"
"","851",0,"","4466"
"","851",0,"","4467"
"","853",0,"","4468"
"","858",0,"","4469"
"","860",0,"","4470"
"","867",0,"","4471"
"","868",0,"","4472"
"","873",0,"","4473"
"","873",0,"","4474"
"","875",0,"","4475"
"","876",0,"","4476"
"","877",0,"","4477"
"","881",0,"","4478"
"","882",0,"","4479"
"","882",0,"","4480"
"","882",0,"","4481"
"","883",0,"","4482"
"","884",0,"","4483"
"","885",0,"","4484"
"","885",0,"","4485"
"","887",0,"","4486"
"","889",0,"","4487"
"","891",0,"","4488"
"","894",0,"","4489"
"","895",0,"","4490"
"","896",0,"","4491"
"","898",0,"","4492"
"","901",0,"","4493"
"","901",0,"","4494"
"","902",0,"","4495"
"","905",0,"","4496"
"","908",0,"","4497"
"","911",0,"","4498"
"","911",0,"","4499"
"","911",0,"","4500"
"","911",0,"","4501"
"","913",0,"","4502"
"","913",0,"","4503"
"","914",0,"","4504"
"","922",0,"","4505"
"","922",0,"","4506"
"","923",0,"","4507"
"","923",0,"","4508"
"","925",0,"","4509"
"","926",0,"","4510"
"","929",0,"","4511"
"","930",0,"","4512"
"","930",0,"","4513"
"","931",0,"","4514"
"","931",0,"","4515"
"","934",0,"","4516"
"","946",0,"","4517"
"","946",0,"","4518"
"","946",0,"","4519"
"","946",0,"","4520"
"","948",0,"","4521"
"","948",0,"","4522"
"","949",0,"","4523"
"","952",0,"","4524"
"","952",0,"","4525"
"","953",0,"","4526"
"","953",0,"","4527"
"","954",0,"","4528"
"","954",0,"","4529"
"","955",0,"","4530"
"","955",0,"","4531"
"","955",0,"","4532"
"","956",0,"","4533"
"","957",0,"","4534"
"","959",0,"","4535"
"","961",0,"","4536"
"","961",0,"","4537"
"","963",0,"","4538"
"","967",0,"","4539"
"","969",0,"","4540"
"","970",0,"","4541"
"","970",0,"","4542"
"","972",0,"","4543"
"","974",0,"","4544"
"","975",0,"","4545"
"","979",0,"","4546"
"","980",0,"","4547"
"","980",0,"","4548"
"","981",0,"","4549"
"","981",0,"","4550"
"","981",0,"","4551"
"","983",0,"","4552"
"","988",0,"","4553"
"","988",0,"","4554"
"","989",0,"","4555"
"","990",0,"","4556"
"","992",0,"","4557"
"","992",0,"","4558"
"","994",0,"","4559"
"","998",0,"","4560"
"","998",0,"","4561"
"","999",0,"","4562"
"","1000",0,"","4563"
"","1000",0,"","4564"
"","1001",0,"","4565"
"","1002",0,"","4566"
"","1006",0,"","4567"
"","1007",0,"","4568"
"","1007",0,"","4569"
"","1009",0,"","4570"
"","1011",0,"","4571"
"","1011",0,"","4572"
"","1012",0,"","4573"
"","1012",0,"","4574"
"","1013",0,"","4575"
"","1014",0,"","4576"
"","1016",0,"","4577"
"","1016",0,"","4578"
"","1016",0,"","4579"
"","1016",0,"","4580"
"","1018",0,"","4581"
"","1019",0,"","4582"
"","1019",0,"","4583"
"","1022",0,"","4584"
"","1023",0,"","4585"
"","1024",0,"","4586"
"","1024",0,"","4587"
"","1026",0,"","4588"
"","1027",0,"","4589"
"","1028",0,"","4590"
"","1029",0,"","4591"
"","1029",0,"","4592"
"","1029",0,"","4593"
"","1030",0,"","4594"
"","1034",0,"","4595"
"","1036",0,"","4596"
"","1036",0,"","4597"
"","1036",0,"","4598"
"","1036",0,"","4599"
"","1039",0,"","4600"
"","1044",0,"","4601"
"","1045",0,"","4602"
"","1047",0,"","4603"
"","1048",0,"","4604"
"","1053",0,"","4605"
